index,Sex,Length,Diameter,Height,Whole_Weight,Sucked_Weight,Viscera_Weight,Shell_Weight,Rings
1085,I,0.445,0.34,0.145,0.434,0.1945,0.0905,0.13,7
1017,F,0.63,0.495,0.165,1.3075,0.599,0.284,0.315,11
3457,F,0.61,0.495,0.175,1.2635,0.53,0.315,0.3455,10
743,F,0.52,0.405,0.14,0.8175,0.2795,0.183,0.26,17
294,M,0.6,0.495,0.195,1.0575,0.384,0.19,0.375,26
1096,I,0.475,0.35,0.1,0.4545,0.2165,0.111,0.115,7
307,M,0.645,0.515,0.24,1.5415,0.471,0.369,0.535,13
3487,I,0.51,0.405,0.13,0.599,0.3065,0.1155,0.1485,8
167,F,0.68,0.57,0.205,1.842,0.625,0.408,0.65,20
3310,F,0.62,0.485,0.165,1.166,0.483,0.238,0.355,13
63,M,0.425,0.325,0.095,0.3785,0.1705,0.08,0.1,7
4072,I,0.5,0.36,0.12,0.439,0.1875,0.1055,0.1305,8
450,M,0.725,0.565,0.215,1.891,0.6975,0.4725,0.58,16
1478,M,0.575,0.465,0.15,1.08,0.595,0.2065,0.238,9
823,I,0.385,0.29,0.095,0.312,0.14300000000000002,0.0635,0.086,6
2646,I,0.495,0.38,0.12,0.512,0.233,0.1205,0.136,7
3462,F,0.625,0.47,0.17,1.255,0.525,0.2415,0.405,10
3426,M,0.71,0.55,0.2,1.9045,0.882,0.44,0.5,13
2296,F,0.535,0.45,0.135,0.8075,0.322,0.181,0.25,13
2427,M,0.26,0.19,0.075,0.0945,0.0445,0.02,0.03,6
720,I,0.16,0.11,0.025,0.018000000000000002,0.0065,0.0055,0.005,3
2365,F,0.63,0.505,0.165,1.065,0.4595,0.21600000000000005,0.315,12
3112,I,0.415,0.32,0.115,0.3045,0.1215,0.0735,0.094,7
3270,F,0.625,0.475,0.13,0.8595,0.3195,0.1775,0.24,13
548,F,0.565,0.45,0.16,0.795,0.3605,0.1555,0.23,12
3599,M,0.735,0.555,0.22,2.333,1.2395,0.3645,0.6195,12
2929,I,0.61,0.49,0.16,1.1545,0.5865,0.2385,0.2915,11
1909,F,0.58,0.45,0.195,0.8265,0.4035,0.173,0.225,9
2788,F,0.615,0.46,0.15,1.0265,0.4935,0.201,0.2745,10
1536,I,0.335,0.255,0.08,0.168,0.079,0.0355,0.05,5
1042,F,0.675,0.565,0.195,1.8375,0.7645,0.3615,0.5529999999999999,12
208,F,0.525,0.415,0.17,0.8325,0.2755,0.1685,0.31,13
226,F,0.39,0.29,0.125,0.3055,0.121,0.08199999999999999,0.09,7
153,F,0.605,0.485,0.16,1.0565,0.37,0.2355,0.355,10
3873,I,0.33,0.25,0.075,0.1405,0.056,0.035,0.05,5
3723,I,0.47,0.355,0.12,0.4915,0.1765,0.1125,0.1325,9
3493,M,0.555,0.44,0.15,0.838,0.4155,0.146,0.23,8
494,M,0.625,0.5,0.195,1.369,0.5875,0.2185,0.37,17
1974,M,0.685,0.535,0.155,1.3845,0.6615,0.2145,0.4075,10
53,F,0.47,0.36,0.12,0.4775,0.2105,0.1055,0.15,10
575,F,0.61,0.475,0.14,1.133,0.5275,0.2355,0.35,11
4088,M,0.6,0.47,0.13,1.0105,0.423,0.219,0.298,9
2628,I,0.29,0.21,0.06,0.1045,0.0415,0.022,0.035,5
2799,M,0.64,0.495,0.17,1.139,0.5395,0.282,0.285,10
527,F,0.57,0.445,0.155,0.733,0.282,0.159,0.235,14
2958,F,0.655,0.515,0.2,1.494,0.7255,0.309,0.405,12
753,F,0.58,0.455,0.165,1.1365,0.369,0.3005,0.275,13
955,M,0.495,0.395,0.135,0.6335,0.3035,0.1295,0.1495,8
2857,M,0.665,0.515,0.19,1.6385,0.831,0.3575,0.371,11
1344,M,0.585,0.47,0.165,1.409,0.8,0.229,0.295,10
475,M,0.53,0.415,0.175,0.7395,0.261,0.1395,0.2645,17
522,I,0.365,0.26,0.115,0.218,0.0935,0.0445,0.07,9
3619,F,0.64,0.5,0.17,1.12,0.4955,0.2645,0.32,12
373,F,0.7,0.575,0.17,1.31,0.5095,0.314,0.42,14
1585,I,0.515,0.36,0.125,0.4725,0.1815,0.125,0.138,9
2719,I,0.36,0.26,0.08,0.1795,0.07400000000000001,0.0315,0.06,5
68,F,0.475,0.39,0.12,0.5305,0.2135,0.1155,0.17,10
2812,I,0.24,0.17,0.05,0.0545,0.0205,0.016,0.0155,5
3955,I,0.49,0.385,0.12,0.591,0.271,0.1125,0.1775,9
577,F,0.585,0.435,0.175,0.982,0.4055,0.2495,0.27,10
323,I,0.265,0.205,0.07,0.1055,0.039,0.041,0.035,5
3246,M,0.55,0.435,0.16,0.906,0.342,0.219,0.295,13
1282,M,0.5,0.42,0.135,0.6765,0.302,0.1415,0.2065,9
2172,I,0.215,0.15,0.03,0.0385,0.0115,0.005,0.01,5
1424,F,0.73,0.58,0.19,1.7375,0.6785,0.4345,0.52,11
3602,I,0.395,0.3,0.09,0.2855,0.1385,0.0625,0.077,5
2905,M,0.575,0.45,0.165,0.9655,0.498,0.19,0.23,8
4158,I,0.48,0.355,0.11,0.4495,0.201,0.08900000000000001,0.14,8
3285,F,0.665,0.57,0.185,1.5219999999999998,0.6965,0.3025,0.405,13
3188,M,0.72,0.575,0.23,2.2695,0.8835,0.3985,0.665,16
3589,M,0.65,0.515,0.18,1.463,0.6579999999999999,0.3135,0.4115,11
217,I,0.405,0.3,0.12,0.324,0.1265,0.07,0.11,7
3491,M,0.55,0.44,0.16,0.985,0.4645,0.201,0.27,8
292,M,0.61,0.475,0.165,1.116,0.428,0.2205,0.315,15
2472,M,0.645,0.515,0.175,1.6115,0.6745,0.384,0.385,14
4074,I,0.52,0.4,0.14,0.622,0.278,0.1455,0.16899999999999998,8
1391,F,0.635,0.495,0.175,1.211,0.7070000000000001,0.2725,0.32299999999999995,9
3926,I,0.58,0.42,0.16,0.728,0.2725,0.19,0.19,14
1487,M,0.6,0.455,0.155,0.945,0.4365,0.2085,0.25,8
3326,I,0.55,0.415,0.135,0.8095,0.2985,0.2015,0.28,12
1972,M,0.68,0.54,0.19,1.6230000000000002,0.7165,0.354,0.4715,12
1822,M,0.72,0.56,0.18,1.5865,0.691,0.375,0.4425,11
1347,I,0.59,0.445,0.135,0.7715,0.328,0.1745,0.23,9
3834,M,0.335,0.26,0.075,0.22,0.0855,0.04,0.085,6
262,M,0.53,0.42,0.165,0.8945,0.319,0.239,0.245,11
3264,F,0.655,0.5,0.14,1.1705,0.5405,0.3175,0.285,12
857,M,0.59,0.46,0.13,1.102,0.455,0.2055,0.33,12
2287,F,0.385,0.305,0.105,0.3315,0.1365,0.0745,0.1,7
2025,F,0.55,0.47,0.15,0.9205,0.381,0.2435,0.2675,10
625,F,0.525,0.405,0.16,0.6579999999999999,0.2655,0.1125,0.225,12
3207,I,0.48,0.38,0.125,0.523,0.2105,0.1045,0.175,15
3800,M,0.74,0.58,0.205,2.381,0.8155,0.4695,0.488,12
1845,I,0.445,0.33,0.11,0.358,0.1525,0.067,0.1185,8
3060,M,0.63,0.515,0.175,1.1955,0.4920000000000001,0.247,0.37,11
1653,M,0.595,0.45,0.145,0.959,0.463,0.2065,0.2535,10
2863,M,0.74,0.595,0.19,2.3235,1.1495,0.5115,0.505,11
3999,I,0.415,0.31,0.095,0.34,0.181,0.057,0.083,6
1149,F,0.58,0.45,0.155,0.93,0.385,0.246,0.265,9
570,I,0.45,0.35,0.14,0.474,0.21,0.109,0.1275,16
1409,F,0.66,0.515,0.17,1.337,0.615,0.3125,0.3575,10
2795,M,0.63,0.47,0.15,1.1355,0.539,0.2325,0.3115,12
3788,F,0.63,0.475,0.15,1.072,0.433,0.2975,0.315,8
3532,I,0.38,0.285,0.09,0.2305,0.1005,0.039,0.0775,7
1390,F,0.635,0.5,0.165,1.4595,0.705,0.2645,0.39,9
1900,M,0.575,0.45,0.155,0.9765,0.495,0.2145,0.235,9
3321,I,0.49,0.385,0.14,0.5425,0.198,0.127,0.175,11
3019,I,0.45,0.33,0.115,0.365,0.14,0.0825,0.1245,8
236,I,0.075,0.055,0.01,0.002,0.001,0.0005,0.0015,1
1281,I,0.5,0.38,0.135,0.594,0.2945,0.104,0.1565,9
2294,M,0.525,0.425,0.12,0.7020000000000001,0.3335,0.1465,0.22,12
1659,F,0.6,0.48,0.18,1.0645,0.4495,0.2455,0.325,10
933,I,0.45,0.36,0.13,0.478,0.191,0.127,0.13699999999999998,7
1940,F,0.625,0.52,0.18,1.354,0.4845,0.35100000000000003,0.375,11
396,F,0.5,0.395,0.14,0.7155,0.3165,0.17600000000000002,0.24,10
3115,I,0.44,0.34,0.12,0.4995,0.2965,0.0945,0.1185,6
864,M,0.6,0.495,0.175,1.29,0.606,0.276,0.3445,11
1071,I,0.385,0.29,0.08,0.2485,0.122,0.0495,0.065,7
2796,M,0.63,0.525,0.195,1.3135,0.4935,0.2565,0.465,10
3984,M,0.6,0.465,0.155,1.262,0.6245,0.2455,0.33,10
2525,M,0.59,0.455,0.16,1.09,0.5,0.2215,0.292,9
2301,F,0.52,0.425,0.15,0.813,0.385,0.2015,0.23,10
3720,F,0.38,0.32,0.115,0.6475,0.32299999999999995,0.1325,0.16399999999999998,7
3662,I,0.55,0.45,0.14,0.753,0.3445,0.1325,0.24,8
1196,F,0.71,0.56,0.18,1.652,0.735,0.381,0.4525,11
2074,F,0.585,0.485,0.15,1.079,0.4145,0.2115,0.35600000000000004,11
2042,I,0.385,0.28,0.1,0.2755,0.1305,0.061,0.0725,8
1333,M,0.57,0.435,0.125,0.8965,0.383,0.1835,0.275,9
4085,M,0.585,0.51,0.16,1.218,0.639,0.241,0.3,11
3360,F,0.58,0.44,0.175,1.073,0.4005,0.2345,0.335,19
3477,I,0.4,0.3,0.11,0.2985,0.1375,0.071,0.075,6
3522,I,0.24,0.185,0.06,0.0655,0.0295,0.0005,0.02,4
3572,F,0.585,0.46,0.165,1.058,0.486,0.25,0.294,9
3120,F,0.525,0.4,0.13,0.6995,0.3115,0.131,0.223,9
1504,F,0.635,0.505,0.145,1.1345,0.505,0.2655,0.315,10
2211,M,0.565,0.47,0.195,1.142,0.387,0.258,0.35,17
2088,F,0.72,0.575,0.215,2.1,0.8565,0.4825,0.602,12
3467,M,0.66,0.525,0.18,1.4780000000000002,0.5815,0.381,0.3720000000000001,10
3564,I,0.575,0.44,0.125,0.8515,0.4555,0.1715,0.1965,9
2941,F,0.63,0.48,0.165,1.2615,0.5505,0.277,0.3885,10
2926,I,0.61,0.425,0.155,1.0485,0.507,0.1955,0.274,11
854,M,0.57,0.435,0.13,0.7535,0.349,0.1755,0.194,10
1153,F,0.6,0.475,0.16,1.0265,0.485,0.2495,0.2565,9
1094,I,0.47,0.38,0.125,0.4845,0.211,0.1075,0.142,6
297,I,0.28,0.21,0.085,0.1065,0.039,0.0295,0.03,4
2026,F,0.56,0.41,0.16,0.8215,0.342,0.184,0.253,9
985,M,0.57,0.45,0.155,1.1935,0.513,0.21,0.343,10
3113,I,0.425,0.325,0.105,0.3975,0.1815,0.081,0.1175,7
1274,I,0.475,0.36,0.11,0.4920000000000001,0.211,0.11,0.15,8
2485,I,0.355,0.26,0.09,0.1925,0.077,0.038,0.065,8
1302,I,0.535,0.415,0.15,0.5765,0.3595,0.135,0.225,8
289,F,0.535,0.435,0.16,0.8105,0.3155,0.1795,0.24,10
3605,I,0.495,0.375,0.115,0.5755,0.31,0.1145,0.1395,8
1798,M,0.6,0.495,0.175,1.3005,0.6195,0.284,0.3285,11
2070,I,0.55,0.42,0.115,0.6679999999999999,0.2925,0.13699999999999998,0.209,11
1809,F,0.64,0.475,0.14,1.0725,0.4895,0.2295,0.31,8
169,F,0.68,0.515,0.175,1.6185,0.5125,0.409,0.62,12
1756,F,0.725,0.565,0.21,2.1425,1.03,0.487,0.503,14
3550,M,0.505,0.39,0.115,0.5585,0.2575,0.119,0.1535,8
2032,M,0.605,0.445,0.14,0.982,0.4295,0.2085,0.295,12
2005,I,0.395,0.29,0.095,0.3,0.158,0.068,0.078,7
3071,F,0.655,0.455,0.17,1.2895,0.5870000000000001,0.3165,0.3415,11
3305,I,0.6,0.445,0.175,1.057,0.383,0.21600000000000005,0.355,16
3705,F,0.67,0.54,0.2,1.46,0.6435,0.328,0.4165,9
2556,I,0.38,0.285,0.085,0.237,0.115,0.0405,0.07,6
2380,M,0.175,0.135,0.04,0.0305,0.011,0.0075,0.01,5
2716,I,0.34,0.245,0.085,0.2015,0.1005,0.038,0.053,6
875,M,0.63,0.505,0.165,1.26,0.4525,0.2755,0.406,14
1667,F,0.605,0.505,0.18,1.4340000000000002,0.7285,0.264,0.431,11
250,I,0.33,0.25,0.105,0.1715,0.0655,0.035,0.06,7
55,F,0.5,0.4,0.14,0.6615,0.2565,0.1755,0.22,8
81,M,0.62,0.51,0.175,1.615,0.5105,0.192,0.675,12
2206,F,0.29,0.225,0.075,0.14,0.0515,0.0235,0.04,5
3996,I,0.315,0.23,0.0,0.134,0.0575,0.0285,0.3505,6
2239,F,0.46,0.36,0.115,0.4755,0.2105,0.105,0.16,8
2117,F,0.375,0.29,0.08,0.282,0.1405,0.0725,0.08,7
1885,I,0.555,0.45,0.175,0.738,0.304,0.1755,0.22,9
3479,I,0.44,0.33,0.11,0.38,0.197,0.079,0.09,7
1337,M,0.58,0.46,0.155,1.4395,0.6715,0.273,0.2955,10
3988,M,0.665,0.515,0.165,1.3855,0.621,0.302,0.3445,8
478,M,0.735,0.59,0.225,1.756,0.637,0.3405,0.58,21
2654,F,0.545,0.43,0.14,0.8320000000000001,0.4355,0.17,0.201,9
1570,M,0.475,0.36,0.1,0.4285,0.1965,0.099,0.112,7
2177,F,0.58,0.45,0.235,1.071,0.3,0.206,0.395,14
3588,M,0.65,0.515,0.185,1.3745,0.75,0.1805,0.369,12
2931,F,0.615,0.515,0.135,1.1215,0.545,0.2305,0.29,9
3343,F,0.455,0.365,0.11,0.385,0.166,0.046,0.1345,13
2392,M,0.33,0.25,0.09,0.197,0.085,0.041,0.0605,10
3905,M,0.38,0.27,0.095,0.219,0.0835,0.0515,0.07,6
4163,I,0.39,0.31,0.085,0.344,0.181,0.0695,0.079,7
1598,I,0.53,0.4,0.145,0.555,0.1935,0.1305,0.195,9
1800,M,0.605,0.475,0.175,1.2525,0.5575,0.3055,0.343,9
41,F,0.55,0.425,0.135,0.8515,0.362,0.196,0.27,14
3378,M,0.335,0.255,0.075,0.1635,0.0615,0.0345,0.057,8
1851,I,0.485,0.37,0.115,0.457,0.1885,0.0965,0.15,9
1996,I,0.325,0.25,0.07,0.1745,0.0875,0.0355,0.04,7
2316,M,0.535,0.435,0.155,0.8915,0.3415,0.177,0.25,13
3349,I,0.47,0.375,0.105,0.468,0.1665,0.108,0.17,10
2922,M,0.6,0.465,0.165,1.0475,0.465,0.2345,0.315,11
3029,I,0.52,0.41,0.14,0.6625,0.2775,0.1555,0.196,11
516,M,0.4,0.29,0.115,0.2795,0.1115,0.0575,0.075,9
2591,F,0.585,0.45,0.16,0.9045,0.405,0.2215,0.2335,8
2599,M,0.61,0.48,0.15,1.1495,0.564,0.274,0.264,8
3910,M,0.455,0.355,0.135,0.4745,0.1865,0.0935,0.168,13
1899,M,0.575,0.45,0.13,0.785,0.318,0.193,0.2265,9
2268,F,0.545,0.445,0.175,0.8525,0.3465,0.189,0.295,13
1625,M,0.565,0.43,0.15,0.831,0.4245,0.1735,0.219,10
597,I,0.605,0.47,0.14,0.939,0.3385,0.201,0.32,13
2388,I,0.515,0.375,0.14,0.6505,0.2495,0.141,0.2215,10
633,I,0.47,0.36,0.13,0.5225,0.198,0.1065,0.165,9
647,M,0.48,0.375,0.145,0.777,0.21600000000000005,0.13,0.17,9
334,F,0.74,0.6,0.195,1.974,0.598,0.4085,0.71,16
1531,I,0.21,0.17,0.045,0.0475,0.019,0.011,0.013,5
3134,M,0.46,0.36,0.125,0.547,0.2165,0.1105,0.19,8
1336,M,0.575,0.46,0.155,0.892,0.4415,0.17600000000000002,0.22,10
3414,F,0.49,0.37,0.105,0.5265,0.249,0.1005,0.14800000000000002,7
245,I,0.35,0.26,0.085,0.174,0.0705,0.0345,0.06,10
14,F,0.47,0.355,0.1,0.4755,0.1675,0.0805,0.185,10
3363,I,0.54,0.405,0.15,0.7585,0.307,0.2075,0.19,10
1163,M,0.61,0.47,0.165,1.052,0.498,0.242,0.267,9
2705,M,0.7,0.55,0.2,1.523,0.693,0.306,0.4405,13
2161,F,0.715,0.565,0.24,2.1995,0.7245,0.465,0.885,17
1944,F,0.635,0.52,0.165,1.3405,0.5065,0.29600000000000004,0.412,11
4117,F,0.64,0.505,0.175,1.3185,0.6185,0.302,0.3315,9
2951,M,0.64,0.575,0.175,1.4585,0.625,0.266,0.4395,11
2286,F,0.5,0.395,0.15,0.7145,0.3235,0.173,0.195,9
2293,I,0.34,0.26,0.09,0.179,0.076,0.0525,0.055,6
3769,F,0.56,0.43,0.145,0.898,0.3895,0.2325,0.245,9
1674,M,0.61,0.47,0.17,1.1185,0.5225,0.2405,0.31,9
4108,I,0.48,0.35,0.1,0.519,0.2365,0.1275,0.126,7
349,M,0.61,0.48,0.15,1.2,0.56,0.2455,0.28,14
829,I,0.415,0.32,0.11,0.3735,0.175,0.0755,0.109,7
3511,M,0.655,0.52,0.18,1.492,0.7185,0.36,0.355,11
2212,F,0.595,0.495,0.235,1.366,0.5065,0.219,0.52,13
592,I,0.525,0.41,0.175,0.8740000000000001,0.3585,0.207,0.205,18
1915,F,0.6,0.47,0.135,0.97,0.4655,0.1955,0.264,11
3022,I,0.46,0.37,0.11,0.3965,0.1485,0.0855,0.1455,8
1480,F,0.58,0.46,0.175,1.165,0.65,0.2205,0.3055,9
107,F,0.5,0.4,0.125,0.6675,0.261,0.1315,0.22,10
1470,I,0.53,0.43,0.13,0.7045,0.34600000000000003,0.1415,0.189,9
4110,M,0.51,0.41,0.155,1.2825,0.569,0.29100000000000004,0.3795,9
651,I,0.335,0.245,0.09,0.1665,0.0595,0.04,0.06,6
1992,I,0.29,0.21,0.07,0.1115,0.048,0.0205,0.03,5
945,M,0.47,0.365,0.12,0.612,0.327,0.15,0.14,8
3614,M,0.615,0.475,0.155,1.0735,0.4375,0.2585,0.31,11
1689,M,0.625,0.475,0.16,1.0845,0.5005,0.2355,0.3105,10
3190,I,0.2,0.145,0.025,0.0345,0.011,0.0075,0.01,5
635,M,0.355,0.265,0.09,0.168,0.05,0.041,0.063,8
777,M,0.49,0.38,0.14,0.6385,0.2305,0.142,0.195,13
3075,F,0.68,0.52,0.185,1.494,0.615,0.3935,0.406,11
2441,M,0.54,0.415,0.17,0.879,0.339,0.208,0.255,10
2023,F,0.53,0.405,0.13,0.6355,0.2635,0.1565,0.185,9
66,F,0.565,0.44,0.16,0.915,0.354,0.1935,0.32,12
1866,I,0.52,0.385,0.115,0.581,0.2555,0.156,0.14300000000000002,10
552,I,0.56,0.44,0.165,0.8,0.335,0.1735,0.25,12
3482,I,0.47,0.355,0.145,0.4485,0.156,0.102,0.123,7
4051,M,0.625,0.5,0.175,1.0565,0.4615,0.258,0.305,10
27,M,0.59,0.445,0.14,0.931,0.35600000000000004,0.234,0.28,12
4034,M,0.51,0.405,0.125,0.6925,0.327,0.155,0.1805,7
1262,I,0.455,0.345,0.105,0.4005,0.16399999999999998,0.0755,0.126,8
362,F,0.65,0.525,0.175,1.4225,0.61,0.2995,0.445,20
1707,M,0.645,0.5,0.175,1.286,0.5645,0.28800000000000003,0.386,12
1084,I,0.445,0.345,0.105,0.409,0.1675,0.1015,0.117,7
2200,F,0.65,0.515,0.195,1.4005,0.5195,0.36,0.44,13
2838,M,0.59,0.47,0.155,1.1735,0.6245,0.233,0.2595,9
3383,M,0.5,0.375,0.13,0.721,0.3055,0.1725,0.22,14
3114,I,0.44,0.34,0.1,0.379,0.1725,0.0815,0.101,7
1670,F,0.61,0.485,0.15,1.2405,0.6025,0.2915,0.3085,12
1117,I,0.53,0.4,0.125,0.617,0.279,0.127,0.19,8
3978,M,0.485,0.39,0.12,0.599,0.251,0.1345,0.16899999999999998,8
3758,I,0.525,0.4,0.14,0.6055,0.2605,0.108,0.21,9
1115,M,0.525,0.405,0.12,0.7555,0.3755,0.1555,0.201,9
2614,M,0.645,0.49,0.16,1.251,0.5355,0.3345,0.3165,9
405,F,0.525,0.44,0.15,0.8425,0.3685,0.1985,0.24,12
2101,M,0.5,0.38,0.155,0.66,0.2655,0.1365,0.215,19
1744,F,0.685,0.565,0.175,1.638,0.7775,0.375,0.438,11
4165,I,0.405,0.3,0.085,0.3035,0.15,0.0505,0.08800000000000001,7
3839,M,0.52,0.425,0.125,0.79,0.3720000000000001,0.205,0.19,8
650,M,0.255,0.18,0.065,0.079,0.034,0.014,0.025,5
2459,F,0.585,0.47,0.17,1.099,0.3975,0.2325,0.358,20
1948,M,0.635,0.515,0.165,1.229,0.5055,0.2975,0.3535,10
3094,M,0.525,0.4,0.13,0.622,0.2655,0.147,0.184,9
1010,F,0.62,0.51,0.18,1.3315,0.594,0.276,0.388,11
2936,M,0.625,0.495,0.175,1.2075,0.531,0.281,0.3525,11
497,F,0.605,0.485,0.165,1.0105,0.435,0.209,0.3,19
3746,I,0.36,0.265,0.085,0.1865,0.0675,0.037000000000000005,0.0615,7
1602,I,0.54,0.425,0.14,0.742,0.32,0.1395,0.25,9
2517,M,0.48,0.37,0.135,0.6315,0.3445,0.1015,0.161,7
256,M,0.56,0.45,0.185,1.07,0.3805,0.175,0.41,19
276,F,0.66,0.53,0.185,1.3485,0.493,0.245,0.49,12
240,M,0.565,0.425,0.16,0.9425,0.3495,0.2185,0.275,17
2543,F,0.7,0.525,0.19,1.6015,0.7070000000000001,0.365,0.43,10
3351,F,0.51,0.38,0.13,0.584,0.224,0.1355,0.185,13
90,M,0.565,0.425,0.135,0.8115,0.341,0.1675,0.255,15
3486,F,0.505,0.475,0.16,1.1155,0.509,0.239,0.3065,8
4175,F,0.625,0.485,0.15,1.0945,0.531,0.261,0.29600000000000004,10
3882,F,0.67,0.545,0.16,1.5415,0.5985,0.2565,0.495,15
2104,F,0.49,0.385,0.125,0.5395,0.2175,0.128,0.165,11
3407,I,0.35,0.265,0.08,0.192,0.081,0.0465,0.053,6
3896,M,0.76,0.575,0.19,1.829,0.7035,0.386,0.56,14
3899,I,0.14,0.105,0.035,0.0145,0.005,0.0035,0.005,4
1105,F,0.51,0.4,0.125,0.545,0.261,0.115,0.1385,6
2640,I,0.465,0.355,0.105,0.442,0.2085,0.0975,0.1185,7
2078,M,0.61,0.48,0.165,1.2435,0.5575,0.2675,0.3720000000000001,8
3163,F,0.55,0.44,0.125,0.765,0.33,0.2125,0.245,9
149,I,0.17,0.13,0.095,0.03,0.013,0.008,0.01,4
1165,F,0.615,0.465,0.15,0.923,0.4615,0.1825,0.2415,9
339,F,0.565,0.45,0.195,1.0035,0.406,0.2505,0.285,15
3408,I,0.39,0.315,0.09,0.3095,0.147,0.05,0.09,7
3983,F,0.585,0.45,0.125,0.8740000000000001,0.3545,0.2075,0.225,6
2326,M,0.43,0.345,0.115,0.3045,0.0925,0.055,0.12,11
3077,M,0.685,0.51,0.165,1.545,0.6859999999999999,0.3775,0.4055,10
4127,I,0.55,0.445,0.11,0.7935,0.378,0.142,0.26,10
488,M,0.54,0.42,0.135,0.8075,0.3485,0.1795,0.235,11
3387,M,0.545,0.41,0.145,0.873,0.3035,0.196,0.31,18
1143,M,0.575,0.445,0.145,0.847,0.415,0.1945,0.22,9
1051,F,0.735,0.6,0.22,2.555,1.1335,0.44,0.6,11
3443,I,0.485,0.37,0.1,0.513,0.219,0.1075,0.13,7
309,M,0.57,0.435,0.145,0.9055,0.3925,0.2355,0.275,10
1420,F,0.71,0.55,0.17,1.614,0.743,0.345,0.45,11
4008,M,0.585,0.455,0.155,1.133,0.5515,0.223,0.305,12
1607,I,0.54,0.425,0.135,0.6859999999999999,0.3475,0.1545,0.213,8
454,F,0.645,0.55,0.175,1.2915,0.57,0.3045,0.33,14
1704,M,0.64,0.515,0.18,1.247,0.5475,0.2925,0.3685,10
3015,I,0.42,0.32,0.11,0.309,0.115,0.0645,0.0945,6
3044,I,0.575,0.445,0.16,0.9175,0.45,0.1935,0.24,9
480,F,0.7,0.585,0.185,1.8075,0.7055,0.3215,0.475,29
2499,M,0.54,0.41,0.145,0.989,0.2815,0.213,0.355,19
2786,M,0.61,0.48,0.185,1.3065,0.6895,0.2915,0.29,10
2962,I,0.67,0.485,0.175,1.2565,0.5355,0.322,0.386,9
4083,M,0.57,0.445,0.16,1.0145,0.516,0.16399999999999998,0.3,10
255,M,0.56,0.45,0.175,1.011,0.3835,0.2065,0.37,15
2036,I,0.255,0.19,0.06,0.086,0.04,0.0185,0.025,5
885,F,0.67,0.585,0.16,1.3090000000000002,0.5445,0.2945,0.413,10
2892,M,0.53,0.405,0.15,0.8315,0.35200000000000004,0.187,0.2525,10
2417,M,0.31,0.235,0.06,0.12,0.0415,0.033,0.04,11
1342,I,0.585,0.475,0.16,1.0505,0.48,0.234,0.285,10
2317,M,0.515,0.42,0.14,0.769,0.2505,0.154,0.29,13
234,I,0.44,0.35,0.135,0.435,0.1815,0.083,0.125,12
4073,I,0.515,0.395,0.125,0.5805,0.2365,0.1075,0.19,9
962,I,0.505,0.39,0.15,0.685,0.362,0.131,0.156,8
788,F,0.505,0.39,0.16,0.644,0.2475,0.2025,0.1635,9
810,M,0.505,0.405,0.14,0.875,0.2665,0.174,0.285,12
3056,M,0.615,0.485,0.215,0.9615,0.422,0.17600000000000002,0.29,11
549,I,0.555,0.425,0.18,0.875,0.3695,0.2005,0.255,11
2241,F,0.435,0.32,0.12,0.3785,0.152,0.0915,0.125,11
3057,M,0.615,0.49,0.17,1.145,0.4915,0.208,0.343,13
1205,M,0.745,0.565,0.215,1.931,0.8959999999999999,0.4585,0.5,11
1818,F,0.695,0.55,0.185,1.679,0.805,0.4015,0.3965,10
1378,F,0.62,0.5,0.15,1.293,0.596,0.3135,0.354,10
1348,M,0.59,0.47,0.18,1.187,0.5985,0.227,0.31,9
2513,F,0.465,0.35,0.135,0.6265,0.259,0.1445,0.175,8
3389,M,0.565,0.465,0.15,1.1285,0.377,0.3525,0.33,16
1854,I,0.495,0.375,0.14,0.494,0.181,0.0975,0.191,8
1432,I,0.365,0.255,0.08,0.1985,0.0785,0.0345,0.053,5
1014,F,0.625,0.5,0.165,1.288,0.573,0.3035,0.315,9
3247,F,0.61,0.495,0.19,1.213,0.464,0.306,0.365,15
392,F,0.47,0.375,0.125,0.5615,0.252,0.13699999999999998,0.18,10
3030,I,0.52,0.395,0.115,0.6445,0.3155,0.1245,0.18600000000000005,11
724,M,0.465,0.36,0.08,0.488,0.191,0.125,0.155,11
456,F,0.64,0.54,0.175,1.221,0.51,0.259,0.39,15
3398,M,0.365,0.285,0.085,0.2205,0.0855,0.0515,0.07,9
959,M,0.5,0.385,0.135,0.6425,0.3195,0.129,0.1535,7
4114,F,0.57,0.45,0.15,0.9645,0.531,0.189,0.209,9
1821,F,0.72,0.55,0.195,2.073,1.0715,0.4265,0.5015,9
2927,F,0.61,0.47,0.195,1.2735,0.469,0.3315,0.398,12
1305,F,0.54,0.42,0.145,0.8655,0.4315,0.163,0.2175,10
1273,I,0.475,0.38,0.12,0.441,0.1785,0.0885,0.1505,8
3929,F,0.65,0.515,0.215,1.4980000000000002,0.564,0.32299999999999995,0.425,16
3038,I,0.565,0.44,0.135,0.768,0.3305,0.1385,0.2475,9
965,M,0.51,0.39,0.135,0.769,0.3935,0.1455,0.19,8
1148,M,0.58,0.45,0.145,1.0025,0.547,0.1975,0.2295,8
229,F,0.53,0.415,0.16,0.7829999999999999,0.2935,0.158,0.245,15
192,M,0.58,0.45,0.15,0.927,0.276,0.1815,0.36,14
142,M,0.65,0.52,0.19,1.3445,0.519,0.306,0.4465,16
942,I,0.465,0.37,0.115,0.534,0.261,0.098,0.14300000000000002,7
2803,M,0.65,0.51,0.175,1.446,0.6485,0.2705,0.45,12
3569,I,0.58,0.47,0.15,0.907,0.444,0.1855,0.2445,11
4092,F,0.625,0.49,0.19,1.7015,0.7465,0.4105,0.3855,11
3483,I,0.47,0.355,0.115,0.4155,0.16699999999999998,0.084,0.139,7
2449,F,0.37,0.285,0.105,0.27,0.1125,0.0585,0.0835,9
627,F,0.38,0.305,0.095,0.2815,0.1255,0.0525,0.09,8
3337,I,0.66,0.525,0.18,1.6935,0.6025,0.4005,0.42,15
2987,M,0.555,0.405,0.19,1.406,0.6115,0.342,0.389,10
2373,F,0.5,0.405,0.15,0.5965,0.253,0.126,0.185,12
1321,I,0.56,0.425,0.145,0.688,0.3095,0.1305,0.2165,9
3168,M,0.605,0.47,0.115,1.114,0.3925,0.29100000000000004,0.31,15
2144,M,0.455,0.35,0.105,0.401,0.1575,0.083,0.135,9
3279,F,0.655,0.53,0.19,1.4280000000000002,0.493,0.318,0.565,18
979,M,0.535,0.435,0.14,0.8740000000000001,0.3735,0.229,0.2195,8
3639,I,0.44,0.32,0.095,0.3275,0.1495,0.059,0.1,8
1016,M,0.63,0.485,0.155,1.278,0.637,0.275,0.31,8
1731,F,0.665,0.505,0.16,1.2915,0.631,0.2925,0.32,11
508,M,0.56,0.435,0.18,0.889,0.36,0.204,0.25,11
1599,I,0.53,0.42,0.13,0.8365,0.3745,0.16699999999999998,0.249,11
3195,F,0.545,0.405,0.175,0.98,0.2585,0.207,0.38,18
784,I,0.215,0.155,0.06,0.0525,0.021,0.0165,0.015,5
2964,M,0.67,0.525,0.17,1.4005,0.715,0.3025,0.387,9
3110,I,0.395,0.3,0.12,0.2995,0.1265,0.068,0.0895,8
3974,I,0.42,0.32,0.115,0.409,0.2055,0.0935,0.105,8
3716,I,0.235,0.13,0.075,0.1585,0.0685,0.037000000000000005,0.0465,5
3617,M,0.62,0.46,0.16,0.9505,0.4915,0.2,0.228,9
3102,M,0.6,0.465,0.18,1.193,0.5145,0.315,0.3055,8
2271,F,0.52,0.41,0.17,0.8705,0.3735,0.219,0.25,14
3286,F,0.62,0.51,0.175,1.1255,0.4985,0.227,0.315,14
593,F,0.66,0.52,0.18,1.514,0.526,0.2975,0.42,19
3796,F,0.675,0.54,0.21,1.5930000000000002,0.6859999999999999,0.318,0.45,11
1138,M,0.575,0.435,0.14,0.8455,0.401,0.191,0.222,9
3944,M,0.55,0.44,0.16,0.991,0.348,0.168,0.375,20
2020,M,0.515,0.4,0.14,0.6335,0.28800000000000003,0.145,0.168,9
3260,F,0.56,0.435,0.125,0.8775,0.3345,0.2145,0.29,13
2636,I,0.44,0.34,0.1,0.407,0.209,0.0735,0.103,7
2488,M,0.5,0.385,0.145,0.7615,0.246,0.195,0.204,14
3676,F,0.6,0.5,0.16,1.122,0.5095,0.256,0.309,10
580,F,0.625,0.49,0.175,1.233,0.5565,0.247,0.365,11
3783,I,0.62,0.48,0.18,1.1305,0.5285,0.2655,0.306,12
1668,M,0.61,0.475,0.155,0.983,0.4565,0.228,0.266,10
1452,I,0.47,0.345,0.14,0.4615,0.229,0.1105,0.116,9
2048,I,0.44,0.305,0.115,0.379,0.162,0.091,0.11,9
3719,I,0.38,0.28,0.095,0.2885,0.165,0.0435,0.067,7
1926,M,0.615,0.47,0.145,1.0285,0.4435,0.2825,0.285,11
493,M,0.655,0.53,0.175,1.2635,0.486,0.2635,0.415,15
2353,F,0.72,0.56,0.175,1.7265,0.637,0.3415,0.525,17
3963,I,0.27,0.205,0.075,0.118,0.059,0.031,0.0305,4
2759,F,0.545,0.44,0.15,0.9475,0.366,0.239,0.275,8
2418,F,0.465,0.35,0.13,0.494,0.1945,0.103,0.155,18
1460,M,0.485,0.39,0.085,0.6435,0.2945,0.103,0.198,8
2486,F,0.49,0.4,0.145,0.6635,0.21,0.1295,0.2515,13
3440,I,0.465,0.37,0.1,0.5055,0.234,0.11,0.14,7
1750,F,0.71,0.57,0.195,1.9805,0.9925,0.4925,0.48,12
748,M,0.535,0.42,0.13,0.8055,0.301,0.181,0.28,14
3542,I,0.455,0.435,0.11,0.4265,0.195,0.09,0.1205,8
4015,M,0.635,0.48,0.145,1.181,0.665,0.229,0.225,10
1513,M,0.65,0.485,0.14,1.175,0.475,0.2435,0.215,8
2312,I,0.315,0.24,0.07,0.13699999999999998,0.0545,0.0315,0.04,8
348,I,0.375,0.305,0.115,0.2715,0.092,0.07400000000000001,0.09,8
3827,M,0.68,0.54,0.195,1.7825,0.5565,0.3235,0.4285,11
4076,I,0.545,0.43,0.14,0.772,0.289,0.19,0.2615,8
4037,I,0.54,0.415,0.155,0.7020000000000001,0.322,0.16699999999999998,0.19,10
227,I,0.365,0.27,0.085,0.205,0.078,0.0485,0.07,7
1310,I,0.545,0.405,0.135,0.5945,0.27,0.1185,0.185,8
4099,M,0.67,0.525,0.18,1.4915,0.728,0.343,0.381,9
180,M,0.57,0.48,0.18,0.9395,0.399,0.2,0.295,14
1446,I,0.44,0.34,0.105,0.369,0.16399999999999998,0.08,0.1015,5
870,M,0.615,0.505,0.165,1.34,0.5315,0.2815,0.41,12
150,M,0.59,0.475,0.145,1.053,0.4415,0.262,0.325,15
16,I,0.355,0.28,0.085,0.2905,0.095,0.0395,0.115,7
3754,I,0.485,0.37,0.14,0.5065,0.2425,0.08800000000000001,0.1465,8
2065,F,0.535,0.42,0.13,0.6990000000000001,0.3125,0.1565,0.2035,8
2260,M,0.55,0.46,0.175,0.8690000000000001,0.3155,0.1825,0.32,10
3947,M,0.475,0.365,0.14,0.6175,0.202,0.1445,0.19,16
1220,I,0.33,0.25,0.095,0.2085,0.102,0.0395,0.052000000000000005,7
2868,I,0.335,0.26,0.09,0.1965,0.0875,0.041,0.056,7
2428,F,0.53,0.385,0.125,0.6695,0.289,0.151,0.18,10
76,M,0.595,0.475,0.14,0.944,0.3625,0.189,0.315,9
3230,M,0.57,0.455,0.15,0.96,0.387,0.2385,0.275,11
1440,I,0.405,0.29,0.09,0.2825,0.112,0.075,0.0815,7
1586,I,0.515,0.35,0.105,0.4745,0.213,0.123,0.1275,10
1735,M,0.67,0.52,0.165,1.39,0.711,0.2865,0.3,11
3954,M,0.485,0.385,0.105,0.556,0.29600000000000004,0.104,0.133,7
2443,F,0.445,0.335,0.14,0.4565,0.1785,0.114,0.14,11
1860,I,0.515,0.42,0.15,0.6725,0.2555,0.1335,0.235,10
2282,F,0.495,0.385,0.13,0.6905,0.3125,0.179,0.175,10
1303,F,0.535,0.41,0.13,0.7145,0.335,0.14400000000000002,0.2075,9
1711,M,0.645,0.51,0.16,1.33,0.6665,0.309,0.317,9
3876,M,0.545,0.45,0.16,0.8615,0.2925,0.1545,0.365,16
4136,F,0.615,0.495,0.155,1.0805,0.52,0.19,0.32,9
357,F,0.645,0.525,0.19,1.8085,0.7035,0.3885,0.395,18
3825,M,0.625,0.47,0.17,1.1665,0.4605,0.2565,0.3945,11
2056,F,0.475,0.38,0.14,0.6890000000000001,0.3165,0.1315,0.1955,7
2087,M,0.72,0.585,0.22,1.914,0.9155,0.448,0.479,11
2069,M,0.55,0.41,0.13,0.8705,0.4455,0.2115,0.213,9
3314,I,0.45,0.355,0.115,0.4385,0.184,0.108,0.1125,11
555,I,0.5,0.385,0.15,0.6265,0.2605,0.1665,0.16,10
951,M,0.48,0.36,0.1,0.439,0.194,0.099,0.115,8
1690,M,0.625,0.5,0.17,1.0985,0.4645,0.22,0.354,9
2781,M,0.595,0.475,0.14,1.0305,0.4925,0.217,0.278,10
1379,F,0.62,0.475,0.16,1.1295,0.463,0.2685,0.33,10
177,I,0.315,0.245,0.085,0.1435,0.053,0.0475,0.05,8
582,F,0.645,0.525,0.19,1.4635,0.6615,0.3435,0.435,19
88,F,0.46,0.355,0.13,0.517,0.2205,0.114,0.165,9
3576,F,0.6,0.475,0.155,1.0590000000000002,0.441,0.19,0.39,11
2538,M,0.66,0.535,0.2,1.791,0.733,0.318,0.54,15
525,M,0.175,0.125,0.04,0.024,0.0095,0.006,0.005,4
3994,I,0.185,0.135,0.045,0.032,0.011,0.0065,0.01,4
1164,M,0.615,0.46,0.17,1.0565,0.4815,0.272,0.27,10
2683,M,0.625,0.495,0.185,1.3835,0.7105,0.3005,0.345,11
2971,M,0.715,0.55,0.175,1.825,0.938,0.3805,0.44,11
293,F,0.565,0.455,0.175,1.013,0.342,0.207,0.35,19
2280,M,0.44,0.375,0.13,0.487,0.226,0.0965,0.155,9
4122,I,0.46,0.365,0.11,0.4495,0.1755,0.102,0.15,8
1929,M,0.615,0.495,0.2,1.219,0.564,0.227,0.3885,10
3182,M,0.645,0.505,0.165,1.307,0.4335,0.262,0.52,10
3104,M,0.66,0.525,0.2,1.489,0.6065,0.3795,0.421,10
2249,F,0.585,0.455,0.165,0.998,0.345,0.2495,0.315,12
1407,M,0.655,0.49,0.175,1.3585,0.6395,0.294,0.365,10
1077,I,0.42,0.32,0.11,0.3625,0.174,0.0635,0.105,7
274,M,0.63,0.515,0.155,1.259,0.4105,0.197,0.41,13
719,I,0.15,0.1,0.025,0.015,0.0045,0.004,0.005,2
4029,I,0.435,0.335,0.11,0.334,0.1355,0.0775,0.0965,7
278,M,0.635,0.525,0.205,1.484,0.55,0.3115,0.43,20
3036,I,0.55,0.445,0.145,0.7829999999999999,0.3045,0.157,0.265,11
1969,F,0.67,0.53,0.205,1.4015,0.643,0.2465,0.416,12
1983,F,0.725,0.57,0.205,1.6195,0.7440000000000001,0.315,0.488,11
1367,M,0.61,0.48,0.17,1.137,0.4565,0.29,0.34700000000000003,10
2442,M,0.475,0.355,0.125,0.4625,0.18600000000000005,0.107,0.145,9
1564,I,0.46,0.35,0.11,0.4,0.17600000000000002,0.083,0.1205,7
216,M,0.45,0.35,0.13,0.46,0.174,0.111,0.135,8
2218,M,0.495,0.39,0.15,0.853,0.3285,0.189,0.27,14
3970,I,0.385,0.285,0.09,0.248,0.0935,0.066,0.07,6
2659,F,0.55,0.44,0.135,0.8435,0.434,0.1995,0.185,8
471,F,0.515,0.405,0.12,0.6459999999999999,0.2895,0.1405,0.177,10
4151,I,0.35,0.25,0.075,0.1695,0.0835,0.0355,0.041,6
3898,F,0.565,0.46,0.15,0.8765,0.3455,0.1925,0.275,10
2970,M,0.69,0.515,0.18,1.8445,0.9815,0.4655,0.341,13
7,F,0.545,0.425,0.125,0.768,0.294,0.1495,0.26,16
571,I,0.45,0.345,0.135,0.443,0.1975,0.0875,0.1175,14
4,I,0.33,0.255,0.08,0.205,0.0895,0.0395,0.055,7
4167,M,0.5,0.38,0.125,0.5770000000000001,0.269,0.1265,0.1535,9
2047,I,0.42,0.315,0.115,0.355,0.1895,0.065,0.087,6
4038,I,0.55,0.445,0.125,0.672,0.28800000000000003,0.1365,0.21,11
888,F,0.68,0.56,0.195,1.7775,0.861,0.322,0.415,11
3902,I,0.16,0.12,0.02,0.018000000000000002,0.0075,0.0045,0.005,4
3979,M,0.495,0.375,0.115,0.6245,0.282,0.14300000000000002,0.155,6
3872,F,0.515,0.4,0.115,0.578,0.191,0.1445,0.17,9
2322,M,0.53,0.435,0.135,0.7365,0.3275,0.1315,0.22,12
361,F,0.59,0.465,0.15,0.997,0.392,0.246,0.34,12
1318,I,0.555,0.43,0.14,0.7665,0.341,0.165,0.23,9
703,M,0.395,0.295,0.115,0.316,0.1205,0.0595,0.1105,12
1215,I,0.305,0.215,0.065,0.1075,0.044,0.0205,0.038,5
2997,F,0.625,0.49,0.11,1.136,0.5265,0.1915,0.2925,9
2554,I,0.34,0.265,0.07,0.185,0.0625,0.0395,0.07,7
2368,F,0.72,0.595,0.225,1.969,0.8045,0.423,0.66,16
931,F,0.445,0.335,0.11,0.4355,0.2025,0.1095,0.1195,6
1574,M,0.48,0.355,0.16,0.464,0.221,0.106,0.239,8
608,M,0.37,0.285,0.1,0.228,0.0675,0.0675,0.081,10
243,I,0.3,0.23,0.08,0.1275,0.0435,0.0265,0.04,8
1155,F,0.6,0.465,0.15,1.1025,0.5455,0.262,0.25,8
2948,F,0.635,0.5,0.19,1.29,0.593,0.3045,0.35200000000000004,8
3200,F,0.505,0.405,0.16,0.6835,0.271,0.145,0.215,10
1083,I,0.44,0.33,0.11,0.3705,0.1545,0.084,0.12,7
2389,M,0.42,0.34,0.125,0.4495,0.165,0.1125,0.14400000000000002,11
4009,M,0.61,0.49,0.16,1.146,0.597,0.246,0.265,8
1430,I,0.23,0.165,0.06,0.0515,0.019,0.0145,0.036000000000000004,4
3345,F,0.48,0.38,0.145,0.59,0.232,0.141,0.23,12
3976,I,0.45,0.35,0.135,0.494,0.2205,0.0945,0.1405,7
2854,F,0.65,0.525,0.19,1.385,0.8875,0.3095,0.405,11
986,F,0.57,0.455,0.15,1.107,0.54,0.255,0.27,8
4019,M,0.66,0.515,0.155,1.4415,0.7055,0.3555,0.335,10
2490,M,0.44,0.325,0.115,0.39,0.163,0.087,0.113,7
77,F,0.6,0.47,0.15,0.922,0.363,0.194,0.305,10
1881,I,0.55,0.45,0.13,0.804,0.3375,0.1405,0.23,6
3969,I,0.38,0.3,0.09,0.277,0.1655,0.0625,0.08199999999999999,6
2491,F,0.515,0.395,0.165,0.7565,0.1905,0.17,0.3205,10
2588,F,0.57,0.435,0.14,0.8585,0.3905,0.196,0.2295,8
1048,M,0.71,0.565,0.205,2.198,1.012,0.5225,0.5475,11
4147,M,0.695,0.55,0.195,1.6645,0.727,0.36,0.445,11
1543,I,0.365,0.27,0.085,0.2225,0.0935,0.0525,0.066,7
1352,M,0.6,0.475,0.17,1.1315,0.508,0.272,0.309,10
3466,M,0.64,0.5,0.17,1.4545,0.642,0.3575,0.354,9
2494,M,0.4,0.305,0.13,0.2935,0.096,0.0675,0.105,9
3336,F,0.45,0.35,0.125,0.4435,0.185,0.09,0.145,11
246,I,0.32,0.245,0.08,0.1585,0.0635,0.0325,0.05,13
4075,M,0.545,0.45,0.15,0.7805,0.3795,0.1625,0.21600000000000005,8
3088,I,0.425,0.32,0.085,0.262,0.1235,0.067,0.0725,8
791,F,0.485,0.375,0.135,0.556,0.1925,0.1315,0.1685,10
3570,M,0.58,0.47,0.165,1.041,0.54,0.166,0.279,9
3957,F,0.555,0.44,0.155,1.016,0.4935,0.1855,0.263,10
2121,I,0.475,0.36,0.11,0.4555,0.177,0.0965,0.145,9
3248,M,0.595,0.5,0.165,1.06,0.402,0.28,0.275,11
3006,M,0.7,0.545,0.185,1.6135,0.75,0.4035,0.3685,11
884,M,0.66,0.52,0.19,1.558,0.755,0.298,0.4,10
1894,M,0.57,0.46,0.155,1.0005,0.454,0.205,0.265,11
3536,I,0.425,0.325,0.11,0.405,0.1695,0.092,0.1065,8
2252,F,0.57,0.46,0.17,1.1,0.4125,0.2205,0.38,14
1876,I,0.54,0.395,0.135,0.6555,0.2705,0.155,0.192,9
486,M,0.55,0.45,0.13,0.92,0.378,0.2385,0.29,11
756,M,0.615,0.525,0.155,1.1375,0.3670000000000001,0.236,0.37,20
3031,I,0.525,0.4,0.11,0.6275,0.3015,0.126,0.18,8
3149,F,0.7,0.54,0.215,1.978,0.6675,0.3125,0.71,24
657,F,0.615,0.515,0.17,1.14,0.4305,0.2245,0.42,16
924,I,0.425,0.315,0.1,0.377,0.1645,0.07200000000000001,0.105,6
462,I,0.24,0.185,0.07,0.0715,0.026,0.018000000000000002,0.025,6
2860,F,0.72,0.55,0.18,1.52,0.637,0.325,0.435,10
3074,M,0.675,0.52,0.145,1.3645,0.557,0.3405,0.385,11
2711,I,0.19,0.14,0.03,0.0315,0.0125,0.005,0.0105,3
338,M,0.62,0.475,0.185,1.325,0.6045,0.325,0.33,13
3197,I,0.31,0.235,0.075,0.1515,0.056,0.0315,0.05,7
1626,F,0.57,0.45,0.135,0.7805,0.3345,0.185,0.21,8
1509,F,0.645,0.505,0.165,1.318,0.55,0.3015,0.335,11
1618,I,0.555,0.46,0.145,0.9005,0.3845,0.158,0.2765,11
301,F,0.54,0.435,0.175,0.892,0.322,0.174,0.335,13
157,M,0.645,0.485,0.215,1.514,0.546,0.2615,0.635,16
3261,F,0.645,0.52,0.19,1.3105,0.58,0.28800000000000003,0.37,12
328,M,0.36,0.295,0.105,0.241,0.0865,0.053,0.095,8
1154,M,0.6,0.455,0.17,1.1915,0.696,0.2395,0.24,8
2387,I,0.47,0.35,0.135,0.5670000000000001,0.2315,0.1465,0.1525,11
273,M,0.63,0.505,0.225,1.525,0.56,0.3335,0.45,15
1471,M,0.53,0.4,0.125,0.7575,0.398,0.151,0.175,8
288,M,0.44,0.355,0.125,0.4775,0.132,0.0815,0.19,9
3344,I,0.495,0.38,0.145,0.515,0.175,0.098,0.212,13
3291,M,0.53,0.405,0.13,0.738,0.2845,0.17,0.193,9
3507,F,0.64,0.5,0.165,1.1635,0.5539999999999999,0.239,0.32,11
668,M,0.55,0.425,0.155,0.9175,0.2775,0.243,0.335,13
2989,M,0.56,0.425,0.135,0.9415,0.509,0.2015,0.1975,9
3552,I,0.525,0.39,0.105,0.5670000000000001,0.2875,0.1075,0.16,8
954,M,0.49,0.385,0.125,0.649,0.32,0.124,0.1695,8
1933,M,0.62,0.495,0.195,1.5145,0.579,0.34600000000000003,0.5195,15
3103,M,0.645,0.5,0.18,1.461,0.5985,0.2425,0.439,11
2181,M,0.535,0.42,0.165,0.9195,0.3355,0.1985,0.26,16
2542,F,0.695,0.53,0.2,2.0475,0.75,0.4195,0.6095,14
1525,M,0.7,0.555,0.2,1.858,0.73,0.3665,0.595,11
1998,I,0.35,0.235,0.08,0.17,0.0725,0.0465,0.0495,7
2826,M,0.5,0.365,0.13,0.5945,0.309,0.1085,0.1535,9
1050,F,0.715,0.525,0.185,1.56,0.6655,0.383,0.405,11
736,M,0.52,0.385,0.115,0.669,0.2385,0.172,0.205,12
3544,I,0.475,0.355,0.125,0.4865,0.2155,0.1105,0.142,9
3100,M,0.58,0.43,0.125,0.9115,0.446,0.2075,0.121,10
1208,M,0.755,0.58,0.205,2.0065,0.8295,0.4015,0.595,10
1066,I,0.32,0.225,0.085,0.1415,0.0675,0.0295,0.0405,6
1423,F,0.725,0.6,0.2,1.737,0.6970000000000001,0.3585,0.595,11
842,M,0.5,0.4,0.125,0.5975,0.27,0.1275,0.166,9
1151,M,0.585,0.465,0.16,0.9555,0.4595,0.236,0.265,7
3892,F,0.5,0.4,0.15,0.8085,0.273,0.112,0.295,13
1624,M,0.565,0.44,0.125,0.802,0.3595,0.1825,0.215,9
1128,F,0.56,0.44,0.155,0.6405,0.336,0.1765,0.245,8
244,I,0.33,0.255,0.085,0.1655,0.063,0.039,0.06,8
156,F,0.575,0.46,0.19,0.994,0.392,0.2425,0.34,13
409,M,0.57,0.44,0.095,0.8270000000000001,0.3395,0.2215,0.235,8
4164,I,0.39,0.29,0.1,0.2845,0.1255,0.0635,0.081,7
2529,F,0.6,0.5,0.155,1.332,0.6235,0.2835,0.35,8
3556,I,0.535,0.41,0.13,0.6075,0.268,0.1225,0.1975,9
1166,F,0.615,0.475,0.155,1.027,0.447,0.25,0.285,9
114,F,0.545,0.41,0.125,0.6935,0.2975,0.146,0.21,11
257,M,0.545,0.46,0.16,0.8975,0.341,0.1655,0.345,10
993,M,0.58,0.455,0.15,1.012,0.4985,0.2115,0.2835,10
1743,M,0.685,0.52,0.15,1.3735,0.7185,0.293,0.32,11
3429,I,0.28,0.21,0.065,0.111,0.0425,0.0285,0.03,6
1775,I,0.485,0.365,0.105,0.5205,0.195,0.123,0.182,8
2049,I,0.445,0.32,0.12,0.378,0.152,0.0825,0.12,8
1264,I,0.455,0.33,0.1,0.3720000000000001,0.358,0.0775,0.11,8
833,I,0.445,0.335,0.1,0.4895,0.2745,0.086,0.1105,7
3846,I,0.37,0.275,0.085,0.2045,0.096,0.056,0.08,6
2236,F,0.56,0.435,0.185,1.106,0.422,0.2435,0.33,15
3940,M,0.505,0.39,0.105,0.6555,0.2595,0.18,0.19,11
3895,F,0.595,0.5,0.18,1.053,0.4405,0.192,0.39,13
1228,I,0.36,0.27,0.085,0.196,0.0875,0.035,0.064,4
1640,F,0.575,0.435,0.15,1.0305,0.4605,0.218,0.36,8
770,F,0.53,0.455,0.165,0.9805,0.3155,0.2815,0.2965,11
1728,M,0.66,0.51,0.165,1.6375,0.7685,0.3545,0.3925,14
1717,F,0.65,0.495,0.155,1.337,0.615,0.3195,0.335,9
648,I,0.46,0.35,0.12,0.4885,0.193,0.105,0.155,11
487,F,0.625,0.515,0.15,1.2415,0.5235,0.3065,0.36,15
3961,M,0.695,0.55,0.205,2.173,1.133,0.4665,0.496,10
3318,M,0.165,0.125,0.04,0.0245,0.0095,0.0045,0.008,4
2235,M,0.6,0.48,0.175,1.229,0.4125,0.2735,0.415,13
3893,I,0.435,0.355,0.125,0.4075,0.1535,0.07400000000000001,0.165,9
2157,M,0.62,0.495,0.175,1.806,0.643,0.3285,0.725,17
140,F,0.565,0.445,0.155,0.826,0.341,0.2055,0.2475,10
891,M,0.73,0.595,0.23,2.8255,1.1465,0.419,0.897,17
2022,F,0.53,0.43,0.15,0.741,0.325,0.1855,0.196,9
2356,M,0.575,0.47,0.15,1.1415,0.4515,0.204,0.4,13
3364,M,0.33,0.245,0.085,0.171,0.0655,0.0365,0.055,11
1844,I,0.435,0.345,0.12,0.3215,0.13,0.056,0.1185,7
1376,M,0.62,0.51,0.175,1.2815,0.5715,0.2385,0.39,10
3718,I,0.36,0.25,0.115,0.465,0.21,0.1055,0.128,7
3595,M,0.66,0.515,0.2,1.6465,0.7490000000000001,0.422,0.401,11
3546,I,0.475,0.35,0.115,0.498,0.2375,0.099,0.14,7
3768,M,0.56,0.465,0.145,0.8875,0.3345,0.22,0.2695,9
4065,I,0.37,0.275,0.08,0.2325,0.093,0.056,0.07200000000000001,6
1255,I,0.425,0.32,0.1,0.3055,0.126,0.06,0.106,7
2772,M,0.58,0.44,0.175,1.2255,0.5405,0.2705,0.3265,10
3155,M,0.505,0.395,0.125,0.635,0.29,0.1555,0.175,9
2394,I,0.625,0.46,0.16,1.2395,0.55,0.273,0.38,14
2630,I,0.355,0.285,0.095,0.2275,0.0955,0.0475,0.0715,6
984,M,0.57,0.45,0.155,1.195,0.5625,0.2565,0.295,10
2325,F,0.415,0.305,0.105,0.3605,0.12,0.08199999999999999,0.1,10
710,I,0.325,0.25,0.08,0.17600000000000002,0.0595,0.0355,0.063,7
3212,F,0.585,0.46,0.17,1.0835,0.3745,0.326,0.325,14
2369,I,0.56,0.44,0.17,0.9445,0.3545,0.2175,0.3,12
1184,I,0.665,0.5,0.17,1.2975,0.6035,0.29100000000000004,0.3595,9
898,I,0.28,0.12,0.075,0.117,0.0455,0.029,0.0345,4
858,F,0.595,0.48,0.15,1.11,0.498,0.228,0.33,10
124,I,0.36,0.28,0.08,0.1755,0.081,0.0505,0.07,6
1271,I,0.47,0.355,0.12,0.393,0.16699999999999998,0.0885,0.115,8
2753,I,0.515,0.39,0.11,0.531,0.2415,0.098,0.1615,8
3303,F,0.565,0.45,0.185,0.9285,0.302,0.1805,0.265,12
2984,F,0.535,0.4,0.15,1.224,0.618,0.275,0.2875,10
554,I,0.485,0.39,0.125,0.591,0.287,0.141,0.12,9
661,I,0.535,0.45,0.17,0.7809999999999999,0.3055,0.1555,0.295,11
3822,F,0.605,0.48,0.175,1.1685,0.4815,0.2305,0.35600000000000004,9
637,M,0.355,0.26,0.085,0.1905,0.081,0.0485,0.055,6
2426,I,0.565,0.435,0.155,0.782,0.2715,0.168,0.285,14
3079,F,0.7,0.555,0.22,1.666,0.647,0.4285,0.455,11
2216,I,0.33,0.26,0.08,0.19,0.0765,0.0385,0.065,7
1825,I,0.24,0.18,0.055,0.0555,0.0235,0.013,0.018000000000000002,4
2906,M,0.58,0.465,0.15,0.9065,0.371,0.1965,0.29,8
3020,I,0.45,0.34,0.125,0.4045,0.171,0.07,0.1345,8
321,I,0.19,0.145,0.04,0.038,0.0165,0.0065,0.015,4
699,F,0.395,0.315,0.105,0.3515,0.1185,0.091,0.1195,16
1732,M,0.665,0.52,0.175,1.3725,0.606,0.32,0.395,12
460,M,0.38,0.285,0.1,0.2665,0.115,0.061,0.075,11
731,M,0.545,0.42,0.13,0.879,0.374,0.1695,0.23,13
2114,I,0.13,0.095,0.035,0.0105,0.005,0.0065,0.0035,4
1832,I,0.39,0.31,0.105,0.2665,0.1185,0.0525,0.081,8
2123,F,0.29,0.21,0.075,0.275,0.113,0.0675,0.035,6
3128,F,0.63,0.495,0.19,1.1655,0.536,0.2115,0.1625,10
1617,I,0.555,0.435,0.14,0.765,0.3945,0.15,0.206,8
3151,F,0.665,0.5,0.175,1.742,0.595,0.3025,0.725,21
3273,F,0.475,0.375,0.14,0.501,0.192,0.1175,0.175,13
4173,M,0.59,0.44,0.135,0.966,0.439,0.2145,0.2605,10
1932,F,0.62,0.495,0.17,1.062,0.3720000000000001,0.213,0.34,11
1738,F,0.67,0.54,0.195,1.619,0.74,0.3305,0.465,11
468,F,0.68,0.55,0.21,1.7445,0.5975,0.305,0.625,17
815,I,0.325,0.25,0.08,0.1735,0.0765,0.0345,0.049,7
4172,F,0.565,0.45,0.165,0.887,0.37,0.239,0.249,11
2366,M,0.695,0.57,0.23,1.885,0.8665,0.435,0.5,19
390,I,0.415,0.325,0.1,0.3215,0.1535,0.0595,0.105,10
2977,I,0.43,0.33,0.1,0.449,0.254,0.0825,0.097,6
2534,M,0.64,0.585,0.195,1.6469999999999998,0.7225,0.331,0.471,12
3348,I,0.49,0.385,0.115,0.6829999999999999,0.3265,0.1615,0.165,13
1024,F,0.645,0.5,0.155,1.2205,0.6145,0.236,0.3185,10
1515,M,0.655,0.51,0.215,1.7835,0.8885,0.4095,0.4195,11
3557,I,0.54,0.41,0.135,0.7025,0.31,0.177,0.2,8
3894,M,0.495,0.38,0.135,0.6295,0.263,0.1425,0.215,12
3311,F,0.48,0.38,0.135,0.507,0.1915,0.1365,0.155,12
1950,F,0.64,0.48,0.145,1.1145,0.508,0.24,0.34,10
3571,F,0.585,0.465,0.165,0.9355,0.4035,0.2275,0.259,9
3674,F,0.595,0.45,0.165,1.081,0.49,0.2525,0.279,12
1980,F,0.705,0.535,0.22,1.866,0.929,0.3835,0.4395,10
1568,I,0.47,0.355,0.125,0.499,0.21,0.0985,0.155,8
19,M,0.45,0.32,0.1,0.381,0.1705,0.075,0.115,9
2521,M,0.54,0.42,0.12,0.8115,0.392,0.1455,0.2235,9
3146,M,0.585,0.45,0.15,1.047,0.4315,0.276,0.315,14
3280,M,0.69,0.54,0.185,1.6195,0.5329999999999999,0.353,0.555,24
402,F,0.435,0.325,0.11,0.4335,0.17800000000000002,0.0985,0.155,7
1003,M,0.595,0.455,0.15,1.044,0.518,0.2205,0.27,9
127,I,0.385,0.29,0.085,0.2505,0.112,0.061,0.08,8
3242,M,0.635,0.48,0.19,1.467,0.5825,0.303,0.42,15
3737,M,0.625,0.47,0.15,1.124,0.556,0.2315,0.287,9
3808,M,0.515,0.385,0.13,0.623,0.2855,0.1285,0.175,10
2246,F,0.38,0.325,0.11,0.3105,0.12,0.07400000000000001,0.105,10
2510,I,0.42,0.32,0.1,0.34,0.1745,0.05,0.0945,8
2029,M,0.58,0.46,0.16,1.063,0.513,0.2705,0.2625,9
3210,M,0.565,0.45,0.14,1.0055,0.3785,0.244,0.265,12
4020,F,0.68,0.55,0.175,1.473,0.713,0.282,0.4295,11
2673,M,0.595,0.47,0.165,1.108,0.4915,0.2325,0.3345,9
3309,I,0.485,0.355,0.12,0.5085,0.21,0.122,0.135,9
1316,M,0.555,0.44,0.14,0.8705,0.407,0.156,0.255,9
2737,I,0.445,0.36,0.11,0.4235,0.182,0.0765,0.14,9
170,M,0.695,0.55,0.215,1.9565,0.7125,0.541,0.59,14
3500,M,0.6,0.41,0.145,0.939,0.4475,0.196,0.268,8
2841,M,0.595,0.435,0.16,1.057,0.4255,0.224,0.31,9
1018,M,0.63,0.48,0.15,1.1785,0.5185,0.248,0.3235,8
4138,M,0.63,0.49,0.155,1.229,0.535,0.29,0.335,11
105,F,0.52,0.41,0.155,0.727,0.29100000000000004,0.1835,0.235,12
126,I,0.375,0.275,0.09,0.238,0.1075,0.0545,0.07,6
1942,M,0.63,0.49,0.155,1.2525,0.63,0.246,0.289,9
1676,M,0.615,0.47,0.16,1.0175,0.473,0.2395,0.28,10
893,I,0.24,0.175,0.055,0.0705,0.025,0.014,0.021,5
2334,F,0.8,0.63,0.195,2.526,0.933,0.59,0.62,23
1245,I,0.385,0.28,0.09,0.228,0.1025,0.042,0.0655,5
248,I,0.305,0.245,0.075,0.156,0.0675,0.038,0.045,7
1428,F,0.815,0.65,0.25,2.255,0.8905,0.42,0.7975,14
2502,I,0.285,0.21,0.07,0.109,0.044,0.0265,0.033,5
2438,F,0.515,0.4,0.17,0.7959999999999999,0.258,0.1755,0.28,16
1329,I,0.57,0.45,0.135,0.794,0.3815,0.1415,0.245,8
2763,I,0.55,0.425,0.135,0.6559999999999999,0.257,0.17,0.203,10
617,M,0.32,0.24,0.085,0.17,0.0655,0.047,0.049,7
3694,M,0.65,0.495,0.16,1.2075,0.55,0.2695,0.32,10
2190,M,0.58,0.47,0.165,0.927,0.3215,0.1985,0.315,11
40,F,0.45,0.335,0.105,0.425,0.1865,0.091,0.115,9
2800,F,0.64,0.495,0.17,1.2265,0.49,0.377,0.2875,11
132,F,0.325,0.26,0.09,0.1915,0.085,0.036000000000000004,0.062,7
1934,M,0.62,0.47,0.15,1.3090000000000002,0.5870000000000001,0.4405,0.325,9
1461,M,0.485,0.37,0.13,0.526,0.2485,0.105,0.1555,6
540,F,0.5,0.375,0.14,0.604,0.242,0.1415,0.179,15
3250,F,0.435,0.35,0.125,0.459,0.197,0.1145,0.145,9
2777,I,0.585,0.42,0.145,0.6735,0.2895,0.1345,0.22,9
4079,M,0.55,0.385,0.13,0.7275,0.343,0.1625,0.19,8
856,M,0.59,0.475,0.165,1.077,0.4545,0.244,0.3095,9
422,F,0.49,0.39,0.135,0.5785,0.2465,0.123,0.2,13
1896,M,0.57,0.44,0.175,0.9415,0.3805,0.2285,0.28300000000000003,9
2033,M,0.61,0.49,0.16,1.112,0.465,0.228,0.341,10
3377,I,0.255,0.19,0.07,0.0815,0.028,0.016,0.031,5
3740,F,0.65,0.5,0.17,1.4045,0.6940000000000001,0.318,0.3235,11
270,F,0.64,0.525,0.215,1.779,0.4535,0.2855,0.55,22
803,I,0.37,0.275,0.1,0.22,0.094,0.045,0.065,7
2850,M,0.63,0.485,0.16,1.243,0.623,0.275,0.3,10
2866,I,0.32,0.205,0.08,0.181,0.08800000000000001,0.034,0.0495,5
189,F,0.585,0.46,0.17,0.9325,0.365,0.271,0.29,9
686,F,0.535,0.4,0.15,0.8045,0.3345,0.2125,0.21,13
3009,I,0.255,0.185,0.065,0.07400000000000001,0.0305,0.0165,0.02,4
4012,F,0.62,0.465,0.14,1.011,0.479,0.2385,0.255,8
4045,M,0.59,0.45,0.16,0.998,0.445,0.214,0.301,9
4022,M,0.72,0.545,0.195,1.7475,0.8215,0.383,0.4705,11
899,I,0.295,0.23,0.08,0.1625,0.065,0.05,0.0385,5
3555,M,0.535,0.415,0.135,0.78,0.3165,0.16899999999999998,0.2365,8
2497,M,0.505,0.4,0.155,0.8415,0.2715,0.1775,0.285,12
97,M,0.47,0.375,0.13,0.523,0.214,0.132,0.145,8
1500,F,0.63,0.5,0.175,1.1105,0.467,0.268,0.329,10
2011,M,0.45,0.33,0.105,0.4955,0.2575,0.08199999999999999,0.129,8
2546,I,0.225,0.17,0.07,0.0565,0.024,0.013,0.016,4
1326,M,0.565,0.445,0.15,0.7959999999999999,0.3635,0.184,0.219,8
2610,F,0.63,0.495,0.145,1.147,0.5455,0.266,0.2885,9
3169,M,0.56,0.45,0.155,0.9125,0.3595,0.271,0.35,10
2944,M,0.63,0.51,0.17,1.1885,0.4915,0.3065,0.348,7
3184,F,0.67,0.545,0.175,1.707,0.6995,0.387,0.575,13
2411,I,0.5,0.395,0.12,0.537,0.2165,0.1085,0.1785,9
1683,F,0.62,0.48,0.18,1.2215,0.5820000000000001,0.2695,0.313,12
2991,M,0.595,0.485,0.15,1.0835,0.5305,0.231,0.276,8
992,F,0.58,0.46,0.18,1.0515,0.4095,0.2595,0.276,8
3762,I,0.53,0.395,0.115,0.475,0.2025,0.101,0.14800000000000002,8
2974,M,0.745,0.575,0.2,1.884,0.954,0.336,0.495,12
2923,F,0.605,0.495,0.17,1.0915,0.4365,0.2715,0.335,13
1462,F,0.495,0.38,0.12,0.573,0.2655,0.1285,0.14400000000000002,7
3476,I,0.4,0.29,0.1,0.258,0.104,0.059,0.0815,7
2111,I,0.455,0.355,0.08,0.452,0.2165,0.0995,0.125,9
2891,I,0.53,0.38,0.125,0.616,0.292,0.113,0.185,8
859,F,0.595,0.48,0.16,1.2095,0.5225,0.29600000000000004,0.32,8
916,I,0.385,0.265,0.08,0.251,0.124,0.037000000000000005,0.07,6
4134,F,0.595,0.455,0.14,0.914,0.3895,0.2225,0.271,9
927,I,0.435,0.325,0.12,0.3995,0.1815,0.061,0.1125,8
2135,M,0.565,0.425,0.1,0.7145,0.3055,0.166,0.18,12
2314,F,0.58,0.475,0.135,0.925,0.391,0.165,0.275,14
8,M,0.475,0.37,0.125,0.5095,0.2165,0.1125,0.165,9
104,M,0.605,0.47,0.16,1.1735,0.4975,0.2405,0.345,12
4048,F,0.625,0.495,0.16,1.234,0.6335,0.192,0.35,13
1994,I,0.29,0.21,0.065,0.097,0.0375,0.022,0.03,6
242,I,0.23,0.175,0.065,0.0645,0.026,0.0105,0.02,5
374,M,0.685,0.52,0.15,1.3430000000000002,0.4635,0.292,0.4,13
452,F,0.665,0.555,0.195,1.4385,0.581,0.354,0.36,17
3915,I,0.56,0.445,0.165,1.0285,0.4535,0.253,0.275,11
1023,F,0.64,0.5,0.175,1.394,0.4935,0.29100000000000004,0.4,10
3855,M,0.41,0.335,0.115,0.4405,0.19,0.085,0.135,8
2620,F,0.695,0.55,0.155,1.8495,0.767,0.442,0.4175,10
1517,F,0.665,0.515,0.18,1.389,0.5945,0.324,0.395,10
3591,F,0.65,0.475,0.165,1.3875,0.58,0.3485,0.3095,9
1777,I,0.485,0.345,0.16,0.8690000000000001,0.3085,0.185,0.319,9
3760,M,0.53,0.425,0.13,0.7020000000000001,0.2975,0.1395,0.22,9
2076,F,0.6,0.47,0.19,1.1345,0.4920000000000001,0.2595,0.3375,10
3098,F,0.55,0.43,0.15,0.655,0.2635,0.122,0.221,8
708,M,0.36,0.295,0.13,0.2765,0.0895,0.057,0.1005,10
3577,M,0.6,0.475,0.23,1.157,0.522,0.2235,0.36,11
718,I,0.18,0.125,0.035,0.0265,0.0095,0.0055,0.0085,4
241,I,0.27,0.2,0.07,0.1,0.034,0.0245,0.035,5
1145,M,0.58,0.455,0.195,1.859,0.945,0.426,0.441,9
3959,F,0.68,0.55,0.19,1.807,0.8225,0.3655,0.515,11
1408,F,0.66,0.495,0.21,1.548,0.7240000000000001,0.3525,0.3925,10
2163,F,0.55,0.47,0.15,0.897,0.377,0.184,0.29,9
2044,F,0.4,0.305,0.16,0.368,0.173,0.0705,0.105,7
3116,M,0.465,0.405,0.135,0.7775,0.436,0.1715,0.1455,10
3699,M,0.65,0.525,0.19,1.3685,0.5975,0.29600000000000004,0.4,11
2446,F,0.55,0.435,0.17,0.884,0.2875,0.1645,0.28,14
3540,I,0.445,0.355,0.095,0.3615,0.1415,0.0785,0.12,8
4021,F,0.69,0.58,0.195,1.658,0.708,0.3615,0.4715,10
2352,M,0.7,0.53,0.19,1.3185,0.5479999999999999,0.233,0.42,18
3939,M,0.555,0.42,0.145,0.8695,0.3075,0.2575,0.25,14
458,I,0.415,0.31,0.11,0.2965,0.123,0.057,0.0995,10
2520,M,0.525,0.425,0.19,0.872,0.4625,0.1725,0.199,9
2645,M,0.49,0.38,0.11,0.5539999999999999,0.2935,0.1005,0.15,8
2555,I,0.37,0.29,0.08,0.2545,0.108,0.0565,0.07,6
100,I,0.36,0.265,0.095,0.2315,0.105,0.046,0.075,7
3583,F,0.625,0.5,0.175,1.273,0.564,0.302,0.374,9
2194,I,0.43,0.325,0.11,0.3675,0.1355,0.0935,0.12,13
1812,M,0.65,0.485,0.16,1.7395,0.5715,0.2785,0.3075,10
1366,I,0.61,0.465,0.15,0.9605,0.4495,0.1725,0.28600000000000003,9
3412,I,0.48,0.355,0.115,0.5785,0.25,0.106,0.184,8
1749,M,0.71,0.575,0.215,2.009,0.9895,0.4475,0.502,11
514,F,0.275,0.195,0.07,0.08,0.031,0.0215,0.025,5
2668,F,0.585,0.435,0.14,0.6955,0.3085,0.129,0.2245,8
2884,I,0.505,0.425,0.125,0.6115,0.245,0.1375,0.2,9
1474,M,0.55,0.425,0.16,0.7929999999999999,0.343,0.2035,0.215,9
983,F,0.565,0.4,0.13,0.6975,0.3075,0.1665,0.18,8
1569,I,0.475,0.36,0.145,0.6325,0.2825,0.13699999999999998,0.19,8
2968,F,0.68,0.505,0.17,1.3435,0.657,0.297,0.355,12
3292,F,0.495,0.375,0.15,0.597,0.2615,0.135,0.17800000000000002,11
2573,I,0.475,0.355,0.105,0.468,0.201,0.1115,0.12,8
3147,F,0.645,0.5,0.18,1.2785,0.5345,0.2995,0.345,13
3223,M,0.52,0.415,0.175,0.753,0.258,0.171,0.255,8
3043,M,0.575,0.445,0.14,0.737,0.325,0.1405,0.237,10
2187,M,0.495,0.385,0.135,0.6335,0.2,0.1225,0.26,14
2006,I,0.405,0.25,0.09,0.2875,0.128,0.063,0.0805,7
3626,M,0.69,0.53,0.19,1.5955,0.6779999999999999,0.331,0.48,10
2466,M,0.425,0.325,0.12,0.3755,0.142,0.1065,0.105,9
2448,F,0.35,0.265,0.09,0.1855,0.0745,0.0415,0.06,7
1233,I,0.37,0.28,0.085,0.217,0.1095,0.035,0.062,6
809,F,0.52,0.41,0.115,0.807,0.2855,0.179,0.235,12
827,I,0.4,0.31,0.1,0.306,0.13,0.06,0.094,6
2500,F,0.48,0.39,0.125,0.6905,0.219,0.155,0.2,12
26,F,0.58,0.45,0.185,0.9955,0.3945,0.272,0.285,11
2297,M,0.475,0.36,0.12,0.578,0.2825,0.12,0.17,8
866,M,0.605,0.455,0.16,1.1035,0.421,0.3015,0.325,9
1955,F,0.645,0.51,0.18,1.6195,0.7815,0.322,0.4675,12
3744,I,0.275,0.205,0.065,0.101,0.041,0.021,0.034,5
214,F,0.485,0.395,0.16,0.66,0.2475,0.128,0.235,14
1082,I,0.435,0.345,0.115,0.418,0.222,0.0735,0.106,7
845,M,0.54,0.405,0.125,0.8909999999999999,0.4815,0.1915,0.202,9
1183,M,0.665,0.525,0.16,1.3630000000000002,0.629,0.279,0.34,8
1937,M,0.625,0.515,0.17,1.331,0.5725,0.3005,0.361,9
3683,M,0.62,0.525,0.155,1.085,0.454,0.1965,0.35,10
2498,M,0.495,0.4,0.14,0.7775,0.2015,0.18,0.25,15
671,F,0.5,0.38,0.155,0.655,0.2405,0.14300000000000002,0.205,17
2319,F,0.505,0.395,0.145,0.6515,0.2695,0.153,0.205,15
3763,I,0.53,0.41,0.15,0.612,0.2435,0.1525,0.1895,11
3981,M,0.565,0.455,0.15,0.9795,0.444,0.205,0.275,8
1828,I,0.35,0.265,0.08,0.2,0.09,0.042,0.06,7
3690,M,0.64,0.5,0.175,1.273,0.5065,0.2925,0.405,13
832,I,0.44,0.365,0.115,0.501,0.2435,0.084,0.1465,9
2912,I,0.585,0.45,0.135,0.855,0.3795,0.187,0.26,9
3956,F,0.515,0.395,0.14,0.6859999999999999,0.281,0.1255,0.22,12
974,F,0.53,0.425,0.13,0.7585,0.325,0.197,0.205,8
1483,M,0.59,0.44,0.15,0.8725,0.387,0.215,0.245,8
1960,F,0.65,0.51,0.185,1.375,0.531,0.384,0.3985,10
3820,M,0.57,0.44,0.145,0.8815,0.3605,0.1955,0.2735,10
2256,M,0.52,0.38,0.135,0.5825,0.2505,0.1565,0.175,8
440,I,0.36,0.275,0.11,0.2335,0.095,0.0525,0.085,10
3266,F,0.495,0.385,0.135,0.6625,0.3005,0.1635,0.185,11
2509,I,0.415,0.315,0.09,0.3625,0.175,0.0835,0.093,6
3727,M,0.505,0.4,0.15,0.775,0.3445,0.157,0.185,7
729,F,0.52,0.4,0.12,0.6515,0.261,0.2015,0.165,15
2473,F,0.615,0.47,0.175,1.2985,0.5135,0.343,0.32,14
3503,F,0.615,0.49,0.19,1.1345,0.4695,0.257,0.348,11
644,M,0.45,0.34,0.13,0.3715,0.1605,0.0795,0.105,9
2143,M,0.47,0.37,0.105,0.4665,0.2025,0.1015,0.155,10
1043,M,0.68,0.535,0.185,1.607,0.7245,0.3215,0.498,12
3584,M,0.625,0.49,0.165,1.1835,0.517,0.2375,0.39,11
1055,I,0.195,0.135,0.04,0.0325,0.0135,0.005,0.0095,4
2175,M,0.575,0.45,0.185,0.925,0.342,0.197,0.35,12
1216,I,0.31,0.225,0.07,0.1055,0.435,0.015,0.04,5
1767,M,0.39,0.28,0.125,0.564,0.3035,0.0955,0.14300000000000002,7
2092,M,0.53,0.425,0.13,0.7455,0.2995,0.1355,0.245,10
1413,M,0.675,0.545,0.185,1.7375,0.8759999999999999,0.3135,0.469,13
1924,F,0.61,0.46,0.155,0.957,0.4255,0.1975,0.265,8
3460,M,0.62,0.485,0.165,1.1325,0.5235,0.2505,0.2825,9
1472,F,0.545,0.41,0.14,0.7405,0.3565,0.1775,0.203,9
1057,I,0.225,0.165,0.055,0.059,0.027000000000000003,0.0125,0.015,4
2422,F,0.475,0.365,0.13,0.4805,0.1905,0.114,0.1475,12
789,F,0.6,0.465,0.165,0.8875,0.309,0.246,0.262,12
151,F,0.605,0.5,0.185,1.1185,0.469,0.2585,0.335,9
2785,M,0.6,0.51,0.185,1.285,0.6095,0.2745,0.315,9
1528,M,0.725,0.575,0.24,2.21,1.351,0.413,0.5015,13
1849,I,0.485,0.385,0.13,0.568,0.2505,0.17800000000000002,0.154,7
3778,I,0.59,0.45,0.125,0.86,0.4370000000000001,0.1515,0.245,9
3218,F,0.64,0.505,0.19,1.2355,0.4435,0.3105,0.365,14
1053,I,0.185,0.13,0.045,0.029,0.012,0.0075,0.0095,4
1952,I,0.64,0.49,0.135,1.1,0.488,0.2505,0.2925,10
2928,M,0.61,0.48,0.14,1.0625,0.516,0.225,0.2915,11
359,F,0.685,0.545,0.18,1.768,0.7495,0.392,0.485,16
2349,F,0.45,0.36,0.105,0.4715,0.2035,0.0935,0.149,9
2324,F,0.665,0.535,0.19,1.496,0.5775,0.2815,0.475,17
3793,F,0.665,0.525,0.18,1.5785,0.6779999999999999,0.229,0.456,14
80,F,0.575,0.445,0.14,0.941,0.3845,0.252,0.285,9
2436,M,0.515,0.4,0.16,0.8175,0.2515,0.156,0.3,23
213,M,0.5,0.405,0.14,0.6155,0.241,0.1355,0.205,9
203,F,0.53,0.435,0.17,0.8155,0.2985,0.155,0.275,13
721,M,0.555,0.455,0.16,1.0575,0.3925,0.228,0.293,13
3287,M,0.55,0.46,0.13,0.7085,0.305,0.1455,0.205,12
3085,I,0.255,0.185,0.06,0.0925,0.039,0.021,0.025,6
3739,F,0.65,0.525,0.165,1.238,0.647,0.2485,0.3005,9
2403,M,0.29,0.225,0.08,0.1295,0.0535,0.026,0.045,10
2,F,0.53,0.42,0.135,0.677,0.2565,0.1415,0.21,9
4153,I,0.43,0.315,0.115,0.384,0.1885,0.0715,0.11,8
3753,I,0.475,0.36,0.11,0.452,0.191,0.099,0.13,8
2416,M,0.425,0.315,0.125,0.3525,0.1135,0.0565,0.13,18
388,M,0.49,0.42,0.125,0.609,0.239,0.1435,0.22,14
1008,M,0.61,0.475,0.155,1.168,0.5539999999999999,0.239,0.3295,10
2608,F,0.625,0.49,0.175,1.1075,0.4485,0.2165,0.3595,8
2185,M,0.445,0.34,0.12,0.4475,0.193,0.1035,0.13,9
1176,M,0.645,0.53,0.195,1.39,0.6465,0.2945,0.3735,10
2655,M,0.545,0.42,0.145,0.778,0.3745,0.1545,0.205,7
3185,F,0.59,0.415,0.15,0.8805,0.3645,0.234,0.235,11
2217,F,0.515,0.415,0.13,0.764,0.276,0.196,0.25,13
1306,I,0.54,0.42,0.14,0.7265,0.3205,0.1445,0.229,9
848,F,0.55,0.43,0.125,0.923,0.4035,0.175,0.28300000000000003,8
3488,I,0.52,0.38,0.13,0.5345,0.2375,0.122,0.1535,8
3692,M,0.65,0.52,0.17,1.3655,0.6155,0.2885,0.36,11
851,M,0.555,0.435,0.145,0.9685,0.4985,0.168,0.2385,9
1612,I,0.55,0.425,0.15,0.639,0.269,0.1345,0.217,9
4043,F,0.58,0.46,0.135,0.926,0.4025,0.208,0.275,8
2180,F,0.625,0.42,0.165,1.0595,0.358,0.165,0.445,21
1615,I,0.55,0.425,0.15,0.7665,0.339,0.17600000000000002,0.21,8
981,F,0.55,0.43,0.14,0.8105,0.368,0.161,0.275,9
1964,F,0.66,0.535,0.205,1.4415,0.5925,0.2775,0.49,10
3913,I,0.54,0.4,0.145,0.757,0.315,0.181,0.215,11
3628,F,0.735,0.565,0.225,2.037,0.87,0.5145,0.5675,13
233,I,0.275,0.215,0.075,0.1155,0.0485,0.029,0.035,7
1203,F,0.73,0.575,0.185,1.8795,0.931,0.38,0.4825,12
253,F,0.575,0.46,0.185,1.094,0.4485,0.217,0.345,15
2615,M,0.645,0.5,0.175,1.5105,0.6735,0.3755,0.3775,12
3596,M,0.675,0.515,0.145,1.265,0.6025,0.299,0.325,10
1538,I,0.355,0.27,0.075,0.1775,0.079,0.0315,0.054000000000000006,6
3964,I,0.27,0.19,0.06,0.099,0.0445,0.017,0.03,5
2914,I,0.59,0.46,0.125,0.755,0.334,0.15,0.238,9
2745,I,0.485,0.38,0.125,0.5215,0.2215,0.118,0.16,8
2907,M,0.58,0.46,0.15,1.0490000000000002,0.5205,0.1935,0.305,10
1941,F,0.625,0.47,0.145,0.984,0.475,0.2,0.265,11
2889,I,0.52,0.4,0.11,0.597,0.2935,0.1155,0.16,8
1836,I,0.415,0.31,0.09,0.2815,0.1245,0.0615,0.085,6
1127,M,0.56,0.445,0.16,0.8965,0.42,0.2175,0.2215,8
1673,I,0.61,0.465,0.125,0.9225,0.436,0.19,0.26,9
2193,I,0.215,0.17,0.055,0.0605,0.0205,0.014,0.02,6
868,F,0.615,0.52,0.15,1.3435,0.629,0.2605,0.345,10
1579,I,0.495,0.4,0.105,0.602,0.2505,0.1265,0.19,8
4068,I,0.41,0.305,0.1,0.2645,0.1,0.0655,0.085,7
2080,M,0.645,0.495,0.15,1.2095,0.603,0.2225,0.339,9
3752,I,0.475,0.355,0.135,0.4775,0.2145,0.09,0.1435,8
370,F,0.65,0.545,0.165,1.5659999999999998,0.6645,0.3455,0.415,16
44,I,0.21,0.15,0.05,0.042,0.0175,0.0125,0.015,4
1162,M,0.61,0.485,0.145,1.3305,0.7829999999999999,0.2255,0.2865,9
491,M,0.58,0.46,0.13,0.921,0.35700000000000004,0.181,0.29,13
2176,F,0.57,0.45,0.17,1.098,0.414,0.187,0.405,20
2141,I,0.32,0.24,0.075,0.1735,0.076,0.0355,0.05,7
1646,I,0.58,0.445,0.125,0.7095,0.303,0.1405,0.235,9
2613,F,0.635,0.495,0.195,1.297,0.556,0.2985,0.37,11
1506,F,0.64,0.515,0.205,1.5335,0.6635,0.3345,0.4025,9
1338,M,0.58,0.455,0.135,0.7955,0.405,0.16699999999999998,0.204,10
1224,I,0.345,0.255,0.095,0.1945,0.0925,0.037000000000000005,0.055,6
1724,F,0.655,0.505,0.195,1.4405,0.688,0.3805,0.363,11
1092,I,0.46,0.35,0.115,0.4155,0.18,0.098,0.1175,7
2281,I,0.485,0.415,0.14,0.5705,0.25,0.134,0.185,8
469,M,0.675,0.555,0.2,1.4385,0.545,0.2665,0.465,21
2768,I,0.56,0.435,0.135,0.72,0.329,0.103,0.251,11
3663,I,0.55,0.4,0.135,0.7170000000000001,0.3315,0.1495,0.221,9
2482,M,0.52,0.4,0.165,0.8565,0.2745,0.201,0.21,12
3278,M,0.525,0.415,0.16,0.6445,0.26,0.1575,0.22,12
660,I,0.65,0.525,0.18,1.626,0.597,0.3445,0.53,18
3519,M,0.715,0.545,0.18,1.7405,0.871,0.34700000000000003,0.449,10
1439,I,0.405,0.31,0.095,0.3425,0.1785,0.064,0.0855,8
2116,I,0.31,0.225,0.05,0.1445,0.0675,0.0385,0.045,6
546,M,0.255,0.195,0.065,0.08,0.0315,0.018000000000000002,0.027000000000000003,8
3187,F,0.51,0.385,0.135,0.632,0.282,0.145,0.17,8
1339,F,0.58,0.445,0.15,0.858,0.4,0.156,0.253,8
1456,I,0.475,0.365,0.115,0.459,0.2175,0.093,0.1165,7
3870,M,0.545,0.44,0.165,0.7440000000000001,0.2875,0.204,0.25,15
4168,F,0.515,0.4,0.125,0.615,0.2865,0.123,0.1765,8
3394,M,0.62,0.48,0.16,1.0765,0.412,0.253,0.3,13
3773,F,0.575,0.46,0.15,0.927,0.333,0.207,0.2985,9
1760,F,0.75,0.565,0.215,1.938,0.7735,0.4825,0.575,11
3622,M,0.655,0.505,0.165,1.27,0.6035,0.262,0.335,10
1869,I,0.525,0.4,0.145,0.6095,0.248,0.159,0.175,9
1477,M,0.57,0.445,0.15,0.9875,0.504,0.207,0.249,8
4115,F,0.605,0.465,0.155,1.1,0.547,0.2665,0.2585,10
1566,I,0.465,0.37,0.12,0.4365,0.188,0.0815,0.147,9
3208,I,0.32,0.25,0.08,0.1565,0.057,0.034,0.06,9
1693,I,0.625,0.485,0.15,1.044,0.438,0.2865,0.278,9
613,I,0.495,0.37,0.125,0.4775,0.185,0.0705,0.16899999999999998,18
1072,I,0.4,0.32,0.095,0.348,0.194,0.053,0.087,6
3253,I,0.43,0.35,0.105,0.366,0.1705,0.0855,0.11,6
1680,M,0.62,0.515,0.175,1.221,0.535,0.241,0.395,13
2920,M,0.6,0.45,0.195,1.34,0.617,0.3255,0.3605,10
2656,M,0.545,0.42,0.12,0.7865,0.403,0.185,0.17,7
1868,I,0.525,0.405,0.145,0.6965,0.3045,0.1535,0.21,8
3302,F,0.71,0.575,0.175,1.555,0.6465,0.3705,0.52,15
2811,M,0.725,0.57,0.19,2.3305,1.253,0.541,0.52,9
3087,I,0.425,0.31,0.095,0.3075,0.139,0.0745,0.093,7
2713,I,0.25,0.175,0.06,0.0635,0.0275,0.008,0.02,4
1939,F,0.625,0.445,0.16,1.09,0.46,0.2965,0.304,11
3366,M,0.28,0.21,0.065,0.0905,0.035,0.02,0.03,5
1835,I,0.41,0.335,0.105,0.3305,0.1405,0.064,0.105,7
2848,F,0.625,0.485,0.16,1.254,0.591,0.259,0.3485,9
1049,M,0.715,0.565,0.175,1.9525,0.7645,0.4185,0.4135,10
1914,M,0.595,0.455,0.15,0.8859999999999999,0.4315,0.201,0.223,10
3803,I,0.32,0.23,0.06,0.129,0.0615,0.0275,0.0355,7
3035,I,0.55,0.405,0.15,0.6755,0.3015,0.1465,0.21,10
2377,I,0.535,0.41,0.155,0.6315,0.2745,0.1415,0.1815,12
159,F,0.575,0.46,0.165,1.124,0.2985,0.1785,0.44,13
3419,M,0.59,0.47,0.135,1.1685,0.539,0.279,0.28,8
1910,F,0.58,0.5,0.165,0.925,0.37,0.185,0.3005,10
1771,I,0.455,0.325,0.135,0.82,0.4005,0.1715,0.211,8
995,M,0.58,0.49,0.13,1.1335,0.586,0.2565,0.237,9
2198,I,0.27,0.19,0.08,0.081,0.0265,0.0195,0.03,6
3355,I,0.435,0.34,0.11,0.407,0.1685,0.073,0.13,10
3379,I,0.295,0.21,0.08,0.1,0.038,0.026,0.031,8
2837,F,0.58,0.445,0.135,0.95,0.484,0.182,0.2325,8
3633,I,0.3,0.22,0.065,0.1195,0.052000000000000005,0.0155,0.035,5
1362,F,0.605,0.47,0.16,1.0835,0.5405,0.2215,0.275,12
1891,I,0.565,0.435,0.145,0.8445,0.3975,0.158,0.255,9
2685,M,0.625,0.48,0.145,1.085,0.4645,0.2445,0.327,10
602,F,0.39,0.3,0.1,0.265,0.1075,0.06,0.0865,13
1805,M,0.625,0.495,0.175,1.254,0.5815,0.28600000000000003,0.3185,9
530,I,0.53,0.42,0.185,0.752,0.299,0.156,0.205,20
1322,F,0.56,0.445,0.155,1.224,0.5565,0.3225,0.2695,10
1856,I,0.505,0.405,0.13,0.599,0.2245,0.1175,0.225,11
280,F,0.535,0.415,0.185,0.8415,0.314,0.1585,0.3,15
1422,M,0.72,0.575,0.215,2.173,0.9515,0.564,0.5365,12
4056,M,0.645,0.51,0.165,1.403,0.5755,0.2515,0.4545,11
395,I,0.39,0.31,0.1,0.302,0.116,0.064,0.115,11
757,F,0.605,0.495,0.19,1.4369999999999998,0.469,0.2655,0.41,15
991,F,0.58,0.46,0.15,1.1155,0.5575,0.2255,0.29,7
3506,M,0.625,0.47,0.175,1.179,0.605,0.258,0.271,9
2261,M,0.585,0.43,0.16,0.955,0.3625,0.17600000000000002,0.27,11
1889,M,0.565,0.415,0.125,0.667,0.302,0.1545,0.185,7
4028,I,0.42,0.31,0.1,0.2805,0.1125,0.0615,0.0925,8
295,I,0.295,0.215,0.085,0.128,0.049,0.034,0.04,6
3219,M,0.675,0.525,0.175,1.402,0.483,0.3205,0.465,16
3551,I,0.515,0.4,0.135,0.636,0.3055,0.1215,0.1855,9
1404,F,0.655,0.525,0.19,1.3595,0.564,0.3215,0.3985,10
4130,M,0.58,0.45,0.14,0.8240000000000001,0.3465,0.1765,0.263,10
3563,I,0.575,0.455,0.155,0.8725,0.349,0.2095,0.285,8
2739,I,0.45,0.335,0.095,0.3505,0.1615,0.0625,0.1185,7
3271,M,0.52,0.425,0.155,0.7735,0.297,0.123,0.255,17
3295,M,0.59,0.45,0.12,0.7485,0.3345,0.1315,0.22,14
2367,M,0.65,0.545,0.16,1.2425,0.487,0.29600000000000004,0.48,15
3137,M,0.465,0.36,0.105,0.488,0.188,0.0845,0.19,10
1392,M,0.635,0.475,0.17,1.1935,0.5205,0.2695,0.3665,10
698,F,0.43,0.335,0.12,0.444,0.155,0.1145,0.14,13
1170,F,0.625,0.485,0.175,1.3745,0.7335,0.2715,0.332,9
917,I,0.41,0.31,0.09,0.339,0.155,0.0695,0.09,7
3141,I,0.18,0.135,0.08,0.033,0.0145,0.006999999999999999,0.01,5
2975,I,0.32,0.215,0.095,0.305,0.14,0.067,0.0885,6
747,M,0.52,0.385,0.14,0.6595,0.2485,0.2035,0.16,9
457,I,0.36,0.28,0.105,0.199,0.0695,0.045,0.08,9
4084,F,0.575,0.48,0.17,1.1,0.506,0.2485,0.31,10
3390,M,0.56,0.44,0.16,1.1115,0.5035,0.2785,0.26,10
2410,F,0.505,0.375,0.115,0.5895,0.2635,0.12,0.16699999999999998,10
1644,M,0.58,0.46,0.155,1.0335,0.469,0.2225,0.295,10
20,M,0.355,0.28,0.095,0.2455,0.0955,0.062,0.075,11
3998,I,0.375,0.28,0.08,0.2235,0.115,0.043,0.055,6
2830,F,0.525,0.43,0.135,0.8435,0.4325,0.18,0.1815,9
914,I,0.37,0.28,0.095,0.2865,0.1505,0.069,0.0795,7
3850,F,0.375,0.295,0.11,0.3005,0.1255,0.0575,0.1035,7
3294,F,0.63,0.5,0.16,1.22,0.4905,0.3,0.345,14
2355,M,0.555,0.44,0.135,0.9025,0.3805,0.2105,0.28,13
2550,I,0.28,0.22,0.08,0.1315,0.066,0.024,0.03,5
2055,I,0.465,0.355,0.09,0.4325,0.2005,0.07400000000000001,0.1275,9
3058,I,0.62,0.475,0.16,0.907,0.371,0.16699999999999998,0.3075,11
4105,F,0.715,0.565,0.18,1.79,0.8440000000000001,0.3535,0.5385,9
649,F,0.475,0.36,0.125,0.447,0.1695,0.081,0.14,9
119,M,0.405,0.305,0.085,0.2605,0.1145,0.0595,0.085,8
640,M,0.325,0.24,0.085,0.173,0.0795,0.038,0.05,7
521,F,0.36,0.27,0.09,0.1885,0.0845,0.0385,0.055,5
1765,I,0.375,0.245,0.1,0.394,0.166,0.091,0.1125,6
646,M,0.33,0.215,0.075,0.1145,0.045,0.0265,0.035,6
3573,F,0.595,0.465,0.145,0.7955,0.3425,0.1795,0.2425,10
1246,I,0.39,0.3,0.095,0.3265,0.1665,0.0575,0.08900000000000001,7
2805,F,0.66,0.525,0.2,1.463,0.6525,0.2995,0.422,11
3701,M,0.66,0.51,0.18,1.261,0.5,0.2335,0.339,10
518,M,0.325,0.23,0.09,0.147,0.06,0.034,0.045,4
2197,I,0.405,0.305,0.105,0.3625,0.1565,0.0705,0.125,10
91,M,0.555,0.44,0.15,0.755,0.307,0.1525,0.26,12
3235,M,0.665,0.535,0.155,1.383,0.596,0.2565,0.485,14
4131,I,0.58,0.425,0.145,0.83,0.379,0.1605,0.2575,11
2038,I,0.28,0.215,0.08,0.132,0.07200000000000001,0.022,0.033,5
2721,I,0.375,0.29,0.14,0.3,0.14,0.0625,0.0825,8
4004,M,0.52,0.395,0.125,0.5815,0.2565,0.1265,0.17,10
3868,F,0.44,0.34,0.135,0.3975,0.1505,0.0945,0.135,8
2132,F,0.52,0.41,0.125,0.6985,0.2945,0.1625,0.215,10
3848,F,0.675,0.535,0.22,1.604,0.6175,0.4255,0.453,14
207,I,0.435,0.34,0.11,0.3795,0.1495,0.085,0.12,8
1545,I,0.375,0.28,0.08,0.2165,0.0935,0.0925,0.07,7
344,F,0.46,0.425,0.155,0.746,0.3005,0.152,0.24,8
3450,F,0.525,0.44,0.125,0.7115,0.3205,0.159,0.1915,7
3770,I,0.565,0.43,0.125,0.6545,0.2815,0.139,0.21,9
1235,I,0.375,0.29,0.085,0.2385,0.118,0.045,0.0695,7
1012,M,0.625,0.49,0.175,1.3325,0.5705,0.271,0.405,10
2530,F,0.6,0.485,0.165,1.1405,0.5870000000000001,0.2175,0.28800000000000003,9
2091,F,0.505,0.39,0.115,0.66,0.3045,0.1555,0.175,8
4123,I,0.49,0.375,0.115,0.557,0.2275,0.1335,0.1765,8
539,F,0.375,0.29,0.115,0.2705,0.093,0.066,0.0885,10
1666,F,0.605,0.47,0.155,0.974,0.393,0.224,0.3345,9
1431,I,0.365,0.265,0.135,0.2215,0.105,0.047,0.0605,7
1848,I,0.475,0.34,0.105,0.4535,0.203,0.08,0.1465,9
1435,I,0.385,0.3,0.09,0.247,0.1225,0.044,0.0675,5
2066,F,0.54,0.385,0.14,0.7655,0.3265,0.116,0.2365,10
1209,F,0.78,0.63,0.215,2.657,1.4880000000000002,0.4985,0.586,11
2084,F,0.69,0.54,0.195,1.2525,0.73,0.3975,0.462,12
707,F,0.345,0.26,0.09,0.207,0.0775,0.0435,0.0765,10
3008,F,0.75,0.615,0.205,2.2635,0.821,0.423,0.726,12
2053,M,0.46,0.345,0.11,0.4595,0.235,0.0885,0.116,7
1124,F,0.55,0.43,0.15,0.84,0.395,0.195,0.223,8
2244,I,0.355,0.28,0.1,0.2275,0.0935,0.0455,0.085,11
3620,F,0.64,0.5,0.17,1.2645,0.565,0.3375,0.315,9
1368,M,0.61,0.46,0.16,1.0,0.494,0.197,0.275,10
1698,M,0.63,0.495,0.175,1.2695,0.605,0.271,0.328,11
2960,F,0.66,0.525,0.18,1.5965,0.7765,0.397,0.3605,10
897,I,0.265,0.195,0.06,0.092,0.0345,0.025,0.0245,6
2115,I,0.18,0.13,0.045,0.0275,0.0125,0.01,0.009000000000000001,3
2455,I,0.235,0.17,0.065,0.0625,0.023,0.014,0.022,6
271,M,0.59,0.5,0.2,1.187,0.412,0.2705,0.37,16
3731,F,0.55,0.415,0.18,1.1655,0.502,0.301,0.311,9
501,F,0.62,0.52,0.225,1.1835,0.378,0.27,0.395,23
2846,M,0.625,0.475,0.175,1.3405,0.6559999999999999,0.28300000000000003,0.337,10
433,M,0.545,0.42,0.14,0.7505,0.2475,0.13,0.255,22
3416,M,0.56,0.45,0.14,0.9,0.472,0.182,0.218,7
3142,I,0.215,0.165,0.055,0.059,0.0265,0.0125,0.0185,5
2231,F,0.505,0.4,0.165,0.7290000000000001,0.2675,0.155,0.25,9
1706,M,0.645,0.505,0.15,1.1605,0.519,0.2615,0.335,10
3582,F,0.625,0.475,0.16,1.3335,0.605,0.2875,0.319,10
1139,F,0.575,0.47,0.165,0.8690000000000001,0.435,0.197,0.238,9
1808,F,0.635,0.475,0.15,1.1845,0.5329999999999999,0.307,0.29100000000000004,10
3691,M,0.645,0.51,0.19,1.4865,0.6445,0.29600000000000004,0.425,12
3376,I,0.31,0.235,0.09,0.127,0.048,0.031,0.04,6
197,M,0.64,0.5,0.185,1.3035,0.4445,0.2635,0.465,16
2653,I,0.52,0.395,0.135,0.633,0.2985,0.1295,0.175,9
3335,F,0.425,0.325,0.135,0.382,0.1465,0.079,0.14,12
3178,M,0.38,0.3,0.1,0.2505,0.106,0.0535,0.0775,8
272,M,0.62,0.485,0.205,1.219,0.3875,0.2505,0.385,14
3665,I,0.575,0.45,0.145,0.872,0.4675,0.18,0.217,9
772,M,0.385,0.275,0.115,0.2685,0.0975,0.0825,0.085,8
2028,F,0.57,0.435,0.15,0.8295,0.3875,0.156,0.245,10
3856,I,0.335,0.255,0.085,0.1785,0.071,0.0405,0.055,9
2285,I,0.42,0.33,0.1,0.35200000000000004,0.1635,0.08900000000000001,0.1,9
2000,I,0.355,0.27,0.105,0.271,0.1425,0.0525,0.0735,9
2663,M,0.57,0.45,0.135,1.02,0.546,0.204,0.25,9
3889,M,0.62,0.5,0.2,1.221,0.4605,0.263,0.43,12
675,F,0.52,0.395,0.18,0.64,0.158,0.11,0.245,22
1119,I,0.54,0.42,0.14,0.6665,0.3125,0.138,0.1895,10
2383,F,0.525,0.39,0.135,0.6005,0.2265,0.131,0.21,16
3774,I,0.58,0.42,0.14,0.701,0.3285,0.102,0.2255,9
300,F,0.405,0.305,0.095,0.3485,0.1455,0.0895,0.1,9
1677,M,0.615,0.475,0.175,1.224,0.6035,0.261,0.311,9
4135,F,0.6,0.5,0.17,1.13,0.4405,0.267,0.335,11
579,F,0.63,0.48,0.175,1.3675,0.5015,0.3035,0.515,17
317,M,0.45,0.35,0.1,0.3675,0.1465,0.1015,0.12,10
3023,I,0.47,0.375,0.125,0.5225,0.2265,0.104,0.162,8
2710,M,0.75,0.555,0.215,2.201,1.0615,0.5235,0.5285,11
3267,F,0.4,0.335,0.115,0.4335,0.2105,0.1205,0.12,10
1923,F,0.61,0.46,0.145,1.1185,0.478,0.2945,0.2985,10
3330,F,0.385,0.305,0.125,0.314,0.146,0.0555,0.08,10
1552,I,0.39,0.285,0.1,0.281,0.1275,0.062,0.077,7
2450,F,0.42,0.33,0.125,0.463,0.18600000000000005,0.11,0.145,10
1357,M,0.6,0.46,0.155,0.9595,0.4455,0.189,0.295,11
2715,I,0.335,0.25,0.08,0.16699999999999998,0.0675,0.0325,0.0575,6
1709,M,0.645,0.51,0.19,1.4745,0.605,0.345,0.48,9
3400,M,0.53,0.43,0.135,0.879,0.28,0.2165,0.25,10
2743,I,0.475,0.355,0.115,0.5195,0.279,0.08800000000000001,0.1325,7
3289,M,0.535,0.42,0.16,0.72,0.275,0.16399999999999998,0.225,15
1542,I,0.36,0.265,0.075,0.1845,0.083,0.0365,0.055,7
52,M,0.485,0.36,0.13,0.5415,0.2595,0.096,0.16,10
3818,M,0.565,0.445,0.14,0.836,0.406,0.1605,0.2245,9
2233,M,0.595,0.475,0.17,1.0965,0.419,0.229,0.35,17
595,I,0.575,0.455,0.18,0.8525,0.3015,0.1825,0.3,13
3236,I,0.345,0.285,0.1,0.2225,0.0865,0.058,0.075,8
519,F,0.345,0.25,0.09,0.203,0.078,0.059,0.055,6
2435,F,0.465,0.38,0.135,0.579,0.208,0.1095,0.22,14
3548,F,0.495,0.37,0.12,0.594,0.28,0.11,0.1375,7
62,F,0.53,0.41,0.13,0.6965,0.302,0.1935,0.2,10
3640,I,0.445,0.345,0.12,0.4035,0.16899999999999998,0.0825,0.13,7
3980,F,0.525,0.41,0.115,0.7745,0.416,0.163,0.18,7
1054,I,0.195,0.15,0.045,0.0375,0.018000000000000002,0.006,0.011,3
3251,I,0.455,0.375,0.125,0.5329999999999999,0.233,0.106,0.185,8
599,F,0.56,0.445,0.195,0.981,0.305,0.2245,0.335,16
2045,I,0.405,0.31,0.09,0.312,0.138,0.06,0.087,8
2360,F,0.545,0.44,0.175,0.7745,0.2985,0.1875,0.265,11
1354,I,0.6,0.475,0.15,1.12,0.565,0.2465,0.27,10
1685,I,0.62,0.45,0.135,0.924,0.358,0.2265,0.2965,10
922,I,0.42,0.315,0.1,0.3435,0.157,0.0795,0.09,6
3176,F,0.49,0.38,0.13,0.539,0.229,0.1355,0.165,12
1045,M,0.69,0.505,0.2,1.872,0.893,0.4015,0.48,10
4125,I,0.54,0.415,0.135,0.7090000000000001,0.3195,0.174,0.185,9
3685,M,0.62,0.48,0.165,1.0855,0.481,0.2575,0.305,10
1000,F,0.595,0.45,0.15,1.114,0.5865,0.2205,0.25,11
444,F,0.41,0.325,0.105,0.3635,0.159,0.077,0.12,10
